{"stats":{"minecraft:killed":{"alexsmobs:lobster":26,"minecraft:cave_spider":5,"last_of_us:bloater":16,"minecraft:witch":1,"alexsmobs:anaconda":1,"minecraft:spider":17,"alexsmobs:shoebill":1,"alexsmobs:alligator_snapping_turtle":1,"minecraft:bee":7,"minecraft:chicken":2,"apocalypsenow:crawler_1":1,"last_of_us:clicker":57,"alexsmobs:kangaroo":1,"minecraft:salmon":1,"last_of_us:crawler":11,"alexsmobs:mantis_shrimp":1,"minecraft:creeper":27,"last_of_us:stalker":33,"minecraft:sheep":1,"minecraft:pillager":5,"apocalypsenow:cockroach":5,"alexsmobs:fly":2,"minecraft:cow":3,"last_of_us:runner":61,"alexsmobs:tiger":2,"apocalypsenow:military_02":2,"alexsmobs:seagull":7,"alexsmobs:blue_jay":1,"alexsmobs:bison":1,"last_of_us:shambler":4,"minecraft:squid":2,"jeg:boo":1,"alexsmobs:catfish":66,"apocalypsenow:looter_4":1,"minecraft:enderman":1},"minecraft:dropped":{"minecraft:iron_sword":1,"minecraft:brown_mushroom":3,"minecraft:cooked_beef":6,"minecraft:oak_log":1,"minecraft:glow_ink_sac":6,"biomesoplenty:willow_sapling":2,"minecraft:diamond":16,"minecraft:crafting_table":1,"jeg:scrap_block":2,"biomesoplenty:black_sand":1,"last_of_us:noxioustree":17,"minecraft:leather":10,"minecraft:leather_helmet":2,"minecraft:flint":5,"minecraft:gold_block":1,"minecraft:gray_concrete":1,"minecraft:red_bed":1,"firstaid:bandage":21,"minecraft:cornflower":2,"minecraft:dark_oak_planks":248,"jeg:tech_trash":5,"minecraft:gold_ingot":69,"last_of_us:noxioussack":6,"minecraft:cobbled_deepslate":64,"minecraft:cherry_sapling":6,"minecraft:rotten_flesh":5,"jeg:double_barrel_shotgun":1,"minecraft:azure_bluet":1,"apocalypsenow:bloodybandages":1,"apocalypsenow:tank_helmet":1,"apocalypsenow:black_concrete_bricks":61,"minecraft:chainmail_chestplate":3,"jeg:revolver":1,"minecraft:gunpowder":94,"cgm:basic_bullet":408,"apocalypsenow:military_urban_chestplate":1,"minecraft:leather_boots":1,"minecraft:chainmail_boots":1,"majruszsdifficulty:golden_bandage":8,"minecraft:leather_leggings":2,"jeg:handmade_shell":38,"apocalypsenow:human_flesh":23,"minecraft:iron_ingot":344,"minecraft:wheat_seeds":10,"minecraft:feather":4,"minecraft:oak_fence":8,"minecraft:iron_helmet":1,"minecraft:cobblestone":92,"minecraft:copper_ingot":132,"minecraft:coal":28,"minecraft:golden_apple":10,"minecraft:stick":9,"minecraft:cobweb":31,"last_of_us:rock":1,"minecraft:gray_wool":4,"minecraft:ink_sac":7,"minecraft:torch":1,"apocalypsenow:usa_armor_helmet":1,"minecraft:diamond_helmet":1,"minecraft:iron_leggings":3,"jeg:waterpipe_shotgun":1,"minecraft:iron_axe":1,"minecraft:chainmail_leggings":2,"minecraft:string":13,"apocalypsenow:whisky":1,"minecraft:acacia_planks":3,"minecraft:dandelion":4,"minecraft:redstone":34,"minecraft:furnace":9,"cgm:advanced_bullet":241,"alexsmobs:maggot":2,"minecraft:stone_sword":1,"minecraft:tuff":2,"firstaid:morphine":6,"minecraft:raw_iron":50,"minecraft:iron_boots":1,"minecraft:shears":1,"minecraft:diamond_pickaxe":1,"minecraft:iron_chestplate":2,"minecraft:oak_sapling":2,"minecraft:barrel":2,"minecraft:diamond_boots":1,"minecraft:stone_pickaxe":1,"minecraft:calcite":1,"apocalypsenow:italian_bersaglieri_army_chestplate":1},"minecraft:used":{"alexsmobs:large_catfish_bucket":2,"cgm:machine_pistol":40,"minecraft:shield":43,"minecraft:iron_sword":201,"minecraft:green_terracotta":12,"minecraft:iron_chestplate":3,"apocalypsenow:black_concrete_bricks":71,"majruszsdifficulty:golden_bandage":45,"jeg:grenade":27,"apocalypsenow:marketfridge":1,"minecraft:lava_bucket":11,"apocalypsenow:executioners_sword":28,"minecraft:iron_helmet":3,"apocalypsenow:juggernaut_helmet":1,"minecraft:furnace":4,"jeg:revolver":2,"jeg:water_bomb":4,"cgm:heavy_rifle":178,"apocalypsenow:military_storage":8,"alexsmobs:raw_catfish":3,"minecraft:leather_leggings":1,"minecraft:diamond_boots":6,"biomesoplenty:willow_planks":1,"minecraft:diamond_axe":1,"minecraft:oak_leaves":2,"minecraft:golden_apple":1,"minecraft:gray_concrete":2,"minecraft:green_concrete":1,"minecraft:light_gray_concrete":1,"cgm:assault_rifle":1536,"apocalypsenow:tactical_knife":4,"minecraft:diamond_sword":3,"minecraft:chainmail_boots":1,"minecraft:andesite":1,"minecraft:oak_boat":1,"jeg:waterpipe_shotgun":1,"cgm:mini_gun":245,"apocalypsenow:brokenoldradio":1,"minecraft:cobweb":246,"jeg:stun_grenade":1,"minecraft:stone_sword":119,"minecraft:oak_door":1,"minecraft:dirt":4,"cgm:workbench":2,"minecraft:chainmail_chestplate":1,"minecraft:diamond_helmet":5,"minecraft:dark_oak_planks":20,"minecraft:wooden_axe":50,"apocalypsenow:barbed_wire":20,"minecraft:iron_axe":182,"minecraft:brick_stairs":1,"minecraft:iron_boots":4,"minecraft:diamond_chestplate":1,"jeg:double_barrel_shotgun":50,"minecraft:cooked_beef":12,"alexsmobs:cooked_catfish":10,"minecraft:water_bucket":63,"minecraft:cherry_planks":54,"apocalypsenow:taser":9,"minecraft:green_bed":5,"minecraft:crafting_table":9,"minecraft:diamond_pickaxe":256,"minecraft:mangrove_propagule":1,"minecraft:iron_pickaxe":421,"minecraft:leather_helmet":1,"jeg:scrap_workbench":5,"minecraft:cobblestone":463,"minecraft:bucket":77,"apocalypsenow:human_flesh":1,"minecraft:diamond_leggings":1,"alexsmobs:emu_egg":1},"minecraft:killed_by":{"minecraft:creeper":1,"last_of_us:runner":12,"minecraft:cave_spider":1,"majruszsdifficulty:cursed_armor":1,"last_of_us:stalker":3,"minecraft:spider":1,"last_of_us:clicker":11},"minecraft:custom":{"minecraft:interact_with_crafting_table":59,"minecraft:open_barrel":29,"minecraft:leave_game":2,"minecraft:time_since_death":42053,"minecraft:sprint_one_cm":734640,"minecraft:damage_blocked_by_shield":1840,"minecraft:drop":227,"minecraft:play_time":394230,"minecraft:deaths":38,"minecraft:jump":6369,"minecraft:walk_on_water_one_cm":106914,"minecraft:interact_with_furnace":23,"minecraft:sleep_in_bed":7,"minecraft:damage_dealt":11665,"minecraft:player_kills":5,"minecraft:crouch_one_cm":91841,"minecraft:interact_with_smoker":1,"minecraft:horse_one_cm":424,"minecraft:mob_kills":383,"minecraft:damage_dealt_resisted":385,"minecraft:climb_one_cm":3210,"minecraft:walk_one_cm":687990,"minecraft:sneak_time":36335,"minecraft:walk_under_water_one_cm":81999,"minecraft:boat_one_cm":243985,"minecraft:total_world_time":394230,"minecraft:time_since_rest":42077,"minecraft:damage_taken":10755,"minecraft:swim_one_cm":222855,"minecraft:fly_one_cm":1701070,"minecraft:open_chest":29,"minecraft:fall_one_cm":172690},"minecraft:broken":{"minecraft:iron_sword":1,"last_of_us:rock":2,"minecraft:stone_sword":1,"minecraft:iron_pickaxe":1},"minecraft:mined":{"minecraft:dark_oak_planks":3,"minecraft:cherry_log":96,"apocalypsenow:papertrashvariant":5,"biomesoplenty:cattail":1,"minecraft:green_concrete":1,"minecraft:tall_seagrass":9,"minecraft:raw_iron_block":1,"farmersdelight:wild_rice":15,"minecraft:iron_ore":67,"minecraft:barrel":2,"minecraft:deepslate_lapis_ore":5,"minecraft:polished_deepslate_slab":1,"minecraft:dirt_path":1,"minecraft:oak_stairs":1,"biomesoplenty:webbing":2,"minecraft:light_gray_concrete":1,"apocalypsenow:green_petrol_barrel":12,"minecraft:polished_granite_stairs":4,"minecraft:green_bed":7,"biomesoplenty:willow_leaves":1,"biomesoplenty:glowworm_silk":1,"minecraft:polished_deepslate_stairs":1,"biomesoplenty:wildflower":1,"biomesoplenty:hanging_cobweb_strand":1,"apocalypsenow:papertrash":9,"minecraft:calcite":7,"minecraft:polished_andesite_stairs":2,"minecraft:chest":2,"last_of_us:noxioussack":8,"minecraft:cobblestone":117,"minecraft:oak_planks":9,"minecraft:bricks":9,"minecraft:pink_petals":1,"minecraft:seagrass":2,"minecraft:grass":37,"minecraft:sand":5,"minecraft:dirt":2,"apocalypsenow:black_concrete_bricks":26,"apocalypsenow:military_storage":2,"minecraft:oak_leaves":15,"minecraft:deepslate":69,"apocalypsenow:paperstrashvariant_2":5,"biomesoplenty:glowing_moss_block":7,"minecraft:tuff":2,"minecraft:deepslate_diamond_ore":11,"minecraft:oak_door":1,"biomesoplenty:desert_grass":2,"minecraft:dark_oak_log":20,"biomesoplenty:bush":1,"apocalypsenow:brokenoldradio":1,"minecraft:brick_stairs":13,"apocalypsenow:marketfridge":1,"minecraft:mangrove_propagule":3,"biomesoplenty:willow_planks":1,"cgm:workbench":1,"minecraft:green_terracotta":1,"minecraft:andesite":5,"minecraft:peony":3,"minecraft:gold_block":1,"minecraft:deepslate_iron_ore":51,"minecraft:stone":87,"minecraft:green_wool":24,"minecraft:podzol":1,"minecraft:gray_concrete":3,"jeg:scrap_ore":22,"minecraft:cherry_planks":7,"biomesoplenty:black_sand":1,"minecraft:crafting_table":5,"apocalypsenow:barbed_wire":21,"minecraft:copper_ore":6,"minecraft:tall_grass":23,"minecraft:deepslate_gold_ore":14,"minecraft:diorite":8,"jeg:deepslate_scrap_ore":35,"jeg:scrap_workbench":3,"minecraft:spruce_log":24,"minecraft:coal_ore":27,"apocalypsenow:paperstrash":2,"apocalypsenow:papersvariant_2":2,"minecraft:cobweb":267,"minecraft:acacia_planks":1,"minecraft:gold_ore":10,"minecraft:fern":2},"minecraft:crafted":{"minecraft:black_dye":7,"minecraft:glass":17,"minecraft:diamond_helmet":1,"alexsmobs:cooked_catfish":55,"minecraft:glass_bottle":12,"minecraft:crafting_table":5,"minecraft:iron_helmet":1,"apocalypsenow:taser":1,"cgm:assault_rifle":3,"minecraft:stick":8,"minecraft:stone_sword":2,"minecraft:cherry_planks":128,"minecraft:furnace":5,"jeg:scrap_workbench":1,"minecraft:diamond_boots":1,"minecraft:dark_oak_planks":268,"sophisticatedbackpacks:iron_backpack":2,"sophisticatedbackpacks:gold_backpack":2,"minecraft:bucket":2,"minecraft:air":0,"jeg:scrap_block":3,"firstaid:morphine":4,"minecraft:white_wool":80,"minecraft:wooden_axe":1,"firstaid:bandage":34,"minecraft:iron_leggings":1,"minecraft:diamond_chestplate":1},"minecraft:picked_up":{"last_of_us:noxioussack":27,"chococraft:loverly_gysahl_green":1,"minecraft:iron_chestplate":12,"cgm:basic_bullet":643,"minecraft:chainmail_boots":4,"apocalypsenow:bloodybandages":4,"minecraft:diamond_sword":1,"minecraft:oak_stairs":1,"firstaid:morphine":50,"minecraft:string":453,"minecraft:raw_copper":35,"minecraft:iron_leggings":10,"jeg:revolver":2,"minecraft:oak_sign":2,"minecraft:diamond_leggings":6,"minecraft:cobbled_deepslate":150,"minecraft:spruce_planks":12,"minecraft:calcite":46,"minecraft:iron_pickaxe":2,"cgm:advanced_bullet":468,"minecraft:furnace":4,"minecraft:iron_boots":16,"minecraft:stick":59,"minecraft:polished_deepslate_stairs":1,"minecraft:oak_fence":9,"minecraft:torch":4,"minecraft:green_bed":7,"minecraft:porkchop":6,"minecraft:cherry_log":96,"minecraft:diorite":209,"minecraft:green_terracotta":3,"minecraft:stone_sword":1,"minecraft:rotten_flesh":49,"alexsmobs:emu_egg":1,"minecraft:green_wool":34,"apocalypsenow:marketfridge":1,"minecraft:cod":1,"minecraft:obsidian":3,"alexsmobs:lobster_tail":6,"minecraft:cobblestone":593,"apocalypsenow:wire_fence":3,"minecraft:pink_petals":4,"minecraft:cherry_planks":187,"minecraft:cooked_beef":38,"minecraft:feather":5,"farmersdelight:rice":15,"minecraft:water_bucket":15,"minecraft:andesite":4,"biomesoplenty:glowshroom":2,"minecraft:tuff":2,"jeg:scrap":117,"cgm:heavy_rifle":4,"minecraft:gray_concrete":4,"minecraft:lapis_lazuli":58,"minecraft:dirt":6,"minecraft:leather_boots":4,"minecraft:acacia_planks":6,"minecraft:wheat_seeds":16,"apocalypsenow:human_flesh":108,"minecraft:raw_gold":73,"majruszsdifficulty:golden_bandage":87,"minecraft:diamond_helmet":15,"minecraft:oak_planks":21,"apocalypsenow:brokenoldradio":1,"minecraft:sand":8,"minecraft:ink_sac":12,"minecraft:fermented_spider_eye":1,"alexsmobs:animal_dictionary":1,"last_of_us:noxioustree":48,"minecraft:dark_oak_log":118,"minecraft:barrel":2,"jeg:scrap_block":2,"minecraft:light_gray_concrete":1,"minecraft:green_concrete":1,"minecraft:diamond":50,"minecraft:granite":16,"minecraft:golden_apple":11,"apocalypsenow:dead_cockroach":2,"alexsmobs:maggot":2,"minecraft:oak_sapling":2,"minecraft:mud":14,"minecraft:bricks":45,"apocalypsenow:black_concrete_bricks":101,"minecraft:oak_leaves":10,"minecraft:diamond_pickaxe":6,"sophisticatedbackpacks:gold_backpack":18,"minecraft:crafting_table":4,"minecraft:azure_bluet":1,"minecraft:leather_leggings":5,"minecraft:brown_mushroom":3,"minecraft:gold_block":2,"jeg:scrap_workbench":3,"minecraft:shield":13,"minecraft:cornflower":4,"alexsmobs:cooked_catfish":47,"minecraft:iron_axe":6,"biomesoplenty:willow_planks":1,"cgm:weighted_stock":1,"biomesoplenty:black_sand":1,"cgm:mini_gun":2,"minecraft:oak_boat":2,"minecraft:poppy":1,"minecraft:chest":2,"minecraft:dark_oak_sapling":15,"minecraft:raw_iron":182,"minecraft:polished_deepslate_slab":1,"last_of_us:rags":7,"minecraft:oak_door":2,"apocalypsenow:green_petrol_barrel":14,"sophisticatedbackpacks:backpack":1,"minecraft:redstone":34,"last_of_us:rock":10,"minecraft:dark_oak_planks":191,"minecraft:polished_granite_stairs":4,"minecraft:diamond_chestplate":3,"biomesoplenty:cattail":3,"minecraft:peony":3,"biomesoplenty:willow_sapling":8,"cgm:assault_rifle":4,"minecraft:shears":1,"minecraft:diamond_boots":15,"jeg:waterpipe_shotgun":1,"minecraft:gold_ingot":7,"firstaid:bandage":231,"minecraft:brick_stairs":57,"minecraft:white_wool":3,"apocalypsenow:barbed_wire":23,"minecraft:salmon":1,"minecraft:glow_ink_sac":6,"minecraft:leather":9,"minecraft:oak_log":9,"minecraft:chainmail_chestplate":5,"minecraft:gunpowder":23,"minecraft:cobblestone_stairs":6,"biomesoplenty:glowing_moss_carpet":10,"jeg:grenade":5,"apocalypsenow:military_urban_chestplate":1,"chococraft:gysahl_green":14,"minecraft:iron_ingot":62,"minecraft:stone_pickaxe":1,"minecraft:cobweb":233,"jeg:double_barrel_shotgun":17,"minecraft:iron_sword":7,"jeg:tech_trash":19,"minecraft:polished_andesite_stairs":10,"apocalypsenow:military_storage":2,"minecraft:dandelion":8,"minecraft:raw_iron_block":1,"minecraft:lava_bucket":3,"apocalypsenow:tank_helmet":1,"minecraft:spruce_sapling":11,"chococraft:gysahl_green_seeds":4,"minecraft:spruce_log":69,"minecraft:brick_slab":1,"biomesoplenty:glowing_moss_block":3,"minecraft:spider_eye":3,"minecraft:leather_helmet":5,"jeg:handmade_shell":252,"apocalypsenow:granola_bar":1,"alexsmobs:raw_catfish":142,"apocalypsenow:papertrash":30,"apocalypsenow:executioners_sword":2,"jeg:ectoplasm":1,"apocalypsenow:nightvisionmodule":1,"minecraft:chainmail_leggings":2,"minecraft:iron_helmet":9,"apocalypsenow:italian_bersaglieri_army_chestplate":1,"minecraft:cherry_sapling":70,"minecraft:mangrove_propagule":1,"cgm:workbench":1,"minecraft:coal":55,"minecraft:ender_pearl":2}},"DataVersion":3465}