{"stats":{"minecraft:killed_by":{"minecraft:creeper":1,"last_of_us:runner":12,"minecraft:cave_spider":1,"majruszsdifficulty:cursed_armor":1,"last_of_us:stalker":3,"minecraft:player":3,"minecraft:spider":1,"last_of_us:clicker":11},"minecraft:used":{"alexsmobs:large_catfish_bucket":2,"cgm:machine_pistol":40,"minecraft:oak_sign":1,"minecraft:ladder":23,"minecraft:shield":49,"minecraft:chest":1,"minecraft:iron_sword":201,"apocalypsenow:chips":1,"minecraft:green_terracotta":13,"minecraft:iron_chestplate":3,"apocalypsenow:black_concrete_bricks":76,"alexsmobs:spawn_egg_centipede":2,"majruszsdifficulty:golden_bandage":57,"jeg:grenade":43,"apocalypsenow:marketfridge":1,"minecraft:lava_bucket":14,"apocalypsenow:executioners_sword":131,"cgm:shotgun":9,"minecraft:iron_helmet":3,"apocalypsenow:juggernaut_helmet":1,"apocalypsenow:chocolate_bar":1,"minecraft:furnace":4,"jeg:revolver":2,"cgm:heavy_rifle":229,"jeg:water_bomb":4,"apocalypsenow:military_storage":8,"minecraft:leather_leggings":1,"alexsmobs:raw_catfish":3,"minecraft:diamond_boots":7,"apocalypsenow:market_shelves":6,"biomesoplenty:willow_planks":1,"minecraft:ender_pearl":1,"alexsmobs:spawn_egg_anaconda":1,"minecraft:diamond_axe":3,"minecraft:oak_leaves":2,"minecraft:golden_apple":1,"minecraft:gray_concrete":3,"minecraft:green_concrete":1,"minecraft:light_gray_concrete":9,"cgm:assault_rifle":2724,"minecraft:diamond_sword":3,"apocalypsenow:tactical_knife":4,"minecraft:andesite":1,"minecraft:chainmail_boots":1,"apocalypsenow:brokenoldradio":1,"minecraft:grindstone":2,"minecraft:cobweb":246,"minecraft:smooth_stone_slab":8,"cgm:mini_gun":245,"minecraft:white_concrete":1,"minecraft:oak_boat":1,"jeg:waterpipe_shotgun":1,"apocalypsenow:granola_bar":1,"minecraft:experience_bottle":5,"jeg:stun_grenade":1,"minecraft:enchanting_table":1,"minecraft:stone_sword":119,"minecraft:red_concrete":1,"minecraft:oak_door":1,"minecraft:torch":3,"minecraft:anvil":1,"minecraft:dirt":4,"cgm:workbench":2,"minecraft:chainmail_chestplate":1,"minecraft:diamond_helmet":7,"minecraft:dark_oak_planks":20,"apocalypsenow:glass_door":3,"apocalypsenow:barbed_wire":21,"minecraft:wooden_axe":50,"apocalypsenow:bear_trap":4,"minecraft:bookshelf":16,"minecraft:iron_axe":182,"minecraft:brick_stairs":1,"minecraft:iron_boots":4,"minecraft:diamond_chestplate":3,"jeg:double_barrel_shotgun":50,"minecraft:cooked_beef":12,"minecraft:cobbled_deepslate":69,"minecraft:cherry_log":2,"apocalypsenow:milk":1,"alexsmobs:cooked_catfish":28,"minecraft:water_bucket":143,"apocalypsenow:vodka":1,"minecraft:cherry_planks":105,"minecraft:green_bed":5,"apocalypsenow:taser":9,"minecraft:crafting_table":10,"minecraft:red_bed":1,"minecraft:diamond_pickaxe":624,"minecraft:mangrove_propagule":1,"apocalypsenow:katana":5,"minecraft:iron_pickaxe":421,"minecraft:leather_helmet":1,"jeg:scrap_workbench":5,"minecraft:cobblestone":579,"majruszsdifficulty:warden_treasure_bag":1,"minecraft:bucket":156,"apocalypsenow:human_flesh":1,"minecraft:diamond_leggings":1,"alexsmobs:emu_egg":1},"minecraft:killed":{"minecraft:cave_spider":10,"alexsmobs:lobster":26,"last_of_us:bloater":23,"minecraft:witch":2,"alexsmobs:anaconda":1,"apocalypsenow:soldiers_02":1,"apocalypsenow:crawler_4":3,"minecraft:spider":32,"alexsmobs:shoebill":1,"alexsmobs:alligator_snapping_turtle":1,"minecraft:bee":7,"minecraft:chicken":2,"apocalypsenow:crawler_1":2,"last_of_us:clicker":68,"alexsmobs:centipede_head":4,"alexsmobs:kangaroo":1,"minecraft:pig":4,"minecraft:salmon":1,"last_of_us:crawler":17,"alexsmobs:mantis_shrimp":1,"minecraft:creeper":59,"last_of_us:stalker":39,"minecraft:sheep":1,"minecraft:pillager":5,"minecraft:donkey":2,"apocalypsenow:cockroach":5,"alexsmobs:fly":2,"chococraft:chocobo":1,"minecraft:cow":3,"apocalypsenow:military_01":1,"apocalypsenow:looter_1":4,"last_of_us:runner":68,"alexsmobs:tiger":2,"apocalypsenow:military_02":3,"alexsmobs:seagull":7,"minecraft:horse":1,"alexsmobs:blue_jay":1,"apocalypsenow:looter_3":1,"apocalypsenow:military_medic":1,"alexsmobs:bison":2,"last_of_us:shambler":6,"minecraft:squid":2,"jeg:boo":1,"alexsmobs:catfish":66,"apocalypsenow:walker_16":2,"alexsmobs:cockroach":1,"alexsmobs:elephant":1,"apocalypsenow:looter_5":1,"apocalypsenow:looter_4":1,"apocalypsenow:crawler_2":3,"minecraft:enderman":2},"minecraft:picked_up":{"last_of_us:noxioussack":36,"minecraft:iron_chestplate":12,"chococraft:loverly_gysahl_green":1,"cgm:basic_bullet":643,"minecraft:chainmail_boots":4,"apocalypsenow:bloodybandages":4,"minecraft:yellow_wool":2,"minecraft:diamond_sword":1,"minecraft:oak_stairs":1,"apocalypsenow:can_opener":2,"firstaid:morphine":50,"minecraft:string":471,"minecraft:raw_copper":35,"minecraft:smooth_stone_slab":9,"cgm:long_scope":1,"minecraft:iron_leggings":10,"minecraft:experience_bottle":5,"minecraft:oak_sign":2,"jeg:revolver":2,"minecraft:diamond_leggings":9,"minecraft:smooth_stone":3,"minecraft:cobbled_deepslate":304,"minecraft:spruce_planks":13,"minecraft:calcite":46,"minecraft:iron_pickaxe":2,"cgm:advanced_bullet":468,"minecraft:iron_boots":16,"minecraft:furnace":5,"minecraft:stick":75,"cgm:light_grip":1,"minecraft:oak_fence":9,"minecraft:polished_deepslate_stairs":1,"minecraft:torch":4,"minecraft:green_bed":7,"minecraft:porkchop":16,"minecraft:cherry_log":96,"minecraft:diorite":211,"alexsmobs:centipede_leg":10,"minecraft:green_terracotta":3,"minecraft:stone_sword":1,"minecraft:rotten_flesh":57,"alexsmobs:emu_egg":1,"minecraft:bookshelf":48,"minecraft:green_wool":35,"apocalypsenow:marketfridge":1,"minecraft:obsidian":3,"minecraft:cod":1,"alexsmobs:lobster_tail":6,"minecraft:cobblestone":699,"apocalypsenow:wire_fence":3,"minecraft:pink_petals":4,"minecraft:cherry_planks":188,"minecraft:feather":6,"minecraft:cooked_beef":38,"farmersdelight:rice":15,"apocalypsenow:empty_market_shelves":24,"minecraft:water_bucket":17,"minecraft:andesite":4,"biomesoplenty:glowshroom":2,"minecraft:tuff":2,"cgm:heavy_rifle":6,"jeg:scrap":117,"minecraft:gray_concrete":4,"minecraft:lapis_lazuli":246,"minecraft:dirt":22,"minecraft:leather_boots":4,"minecraft:glass":47,"minecraft:acacia_planks":6,"minecraft:wheat_seeds":21,"apocalypsenow:human_flesh":119,"minecraft:raw_gold":106,"majruszsdifficulty:golden_bandage":87,"minecraft:grindstone":1,"minecraft:diamond_helmet":18,"minecraft:bamboo":6,"apocalypsenow:glass_door":2,"apocalypsenow:market_shelves":6,"minecraft:oak_planks":21,"apocalypsenow:brokenoldradio":2,"minecraft:sand":8,"minecraft:ink_sac":12,"minecraft:fermented_spider_eye":1,"last_of_us:noxioustree":59,"minecraft:dark_oak_log":118,"minecraft:barrel":2,"alexsmobs:animal_dictionary":1,"apocalypsenow:sunglasses":1,"cgm:shell":384,"jeg:scrap_block":2,"minecraft:light_gray_concrete":1,"apocalypsenow:broken_plasma_tv":1,"apocalypsenow:barbecuestick":1,"minecraft:green_concrete":1,"minecraft:diamond":59,"jeg:custom_smg":1,"apocalypsenow:premium_hammer":1,"minecraft:granite":16,"minecraft:bone_meal":64,"minecraft:golden_apple":11,"minecraft:white_concrete":1,"alexsmobs:maggot":2,"apocalypsenow:dead_cockroach":2,"minecraft:oak_sapling":3,"minecraft:bricks":45,"apocalypsenow:black_concrete_bricks":104,"minecraft:oak_leaves":10,"minecraft:diamond_pickaxe":7,"minecraft:mud":14,"sophisticatedbackpacks:gold_backpack":20,"minecraft:crafting_table":4,"minecraft:azure_bluet":1,"minecraft:leather_leggings":5,"minecraft:brown_mushroom":3,"apocalypsenow:corpsecloth":7,"minecraft:gold_block":2,"jeg:scrap_workbench":3,"minecraft:shield":14,"minecraft:cornflower":4,"alexsmobs:cooked_catfish":94,"alexsmobs:shed_snake_skin":2,"minecraft:iron_axe":6,"cgm:shotgun":1,"biomesoplenty:willow_planks":1,"cgm:weighted_stock":1,"biomesoplenty:black_sand":1,"cgm:mini_gun":2,"apocalypsenow:fire_axe":3,"apocalypsenow:milk":1,"minecraft:oak_boat":2,"minecraft:poppy":1,"minecraft:chest":2,"minecraft:dark_oak_sapling":15,"minecraft:raw_iron":210,"minecraft:polished_deepslate_slab":1,"last_of_us:rags":9,"minecraft:oak_door":2,"sophisticatedbackpacks:backpack":1,"apocalypsenow:green_petrol_barrel":14,"minecraft:redstone":44,"last_of_us:rock":11,"minecraft:dark_oak_planks":191,"minecraft:polished_granite_stairs":4,"minecraft:diamond_chestplate":6,"minecraft:peony":3,"biomesoplenty:cattail":3,"biomesoplenty:willow_sapling":8,"cgm:assault_rifle":12,"minecraft:shears":1,"minecraft:diamond_boots":17,"jeg:waterpipe_shotgun":1,"minecraft:gold_ingot":7,"firstaid:bandage":231,"minecraft:brick_stairs":57,"minecraft:white_wool":3,"apocalypsenow:barbed_wire":24,"minecraft:glow_ink_sac":6,"minecraft:salmon":1,"minecraft:leather":13,"minecraft:oak_log":9,"minecraft:chainmail_chestplate":5,"minecraft:gunpowder":53,"minecraft:cobblestone_stairs":6,"biomesoplenty:glowing_moss_carpet":10,"jeg:grenade":18,"apocalypsenow:military_urban_chestplate":1,"chococraft:gysahl_green":14,"minecraft:iron_ingot":63,"minecraft:stone_pickaxe":1,"minecraft:cobweb":233,"jeg:double_barrel_shotgun":17,"minecraft:iron_sword":7,"jeg:tech_trash":19,"minecraft:book":3,"minecraft:polished_andesite_stairs":10,"minecraft:smooth_basalt":3,"minecraft:dandelion":8,"apocalypsenow:military_storage":2,"minecraft:raw_iron_block":65,"minecraft:gravel":3,"minecraft:lava_bucket":3,"cgm:specialised_grip":1,"minecraft:amethyst_shard":4,"chococraft:gysahl_green_seeds":4,"apocalypsenow:tank_helmet":1,"minecraft:spruce_sapling":11,"minecraft:spruce_log":69,"biomesoplenty:glowing_moss_block":3,"minecraft:spider_eye":7,"jeg:handmade_shell":252,"minecraft:leather_helmet":5,"minecraft:brick_slab":1,"apocalypsenow:metal_shelves":14,"alexsmobs:raw_catfish":158,"apocalypsenow:papertrash":30,"apocalypsenow:granola_bar":1,"apocalypsenow:executioners_sword":3,"jeg:ectoplasm":1,"apocalypsenow:bear_trap":4,"apocalypsenow:nightvisionmodule":1,"minecraft:chainmail_leggings":2,"minecraft:iron_helmet":9,"minecraft:diamond_axe":1,"apocalypsenow:italian_bersaglieri_army_chestplate":1,"minecraft:cherry_sapling":70,"minecraft:gray_wool":1,"minecraft:red_concrete":1,"cgm:workbench":1,"minecraft:coal":58,"minecraft:mangrove_propagule":1,"minecraft:ender_pearl":3},"minecraft:dropped":{"minecraft:iron_sword":1,"minecraft:brown_mushroom":3,"minecraft:lapis_lazuli":163,"minecraft:cooked_beef":6,"minecraft:oak_log":1,"minecraft:glow_ink_sac":6,"biomesoplenty:willow_sapling":2,"minecraft:diamond":16,"minecraft:crafting_table":1,"jeg:scrap_block":2,"biomesoplenty:black_sand":1,"last_of_us:noxioustree":21,"minecraft:leather":14,"minecraft:leather_helmet":2,"minecraft:flint":5,"minecraft:gold_block":1,"minecraft:gray_concrete":1,"minecraft:red_bed":1,"firstaid:bandage":37,"minecraft:cornflower":2,"minecraft:dark_oak_planks":248,"cgm:shell":47,"jeg:tech_trash":13,"minecraft:gold_ingot":69,"minecraft:green_wool":1,"minecraft:gravel":2,"last_of_us:noxioussack":8,"cgm:shotgun":1,"minecraft:cobbled_deepslate":137,"minecraft:cherry_sapling":6,"jeg:double_barrel_shotgun":1,"minecraft:rotten_flesh":9,"minecraft:azure_bluet":1,"apocalypsenow:bloodybandages":1,"cgm:assault_rifle":7,"apocalypsenow:tank_helmet":1,"apocalypsenow:black_concrete_bricks":61,"minecraft:chainmail_chestplate":3,"jeg:revolver":1,"minecraft:gunpowder":207,"cgm:basic_bullet":408,"apocalypsenow:military_urban_chestplate":1,"last_of_us:rags":1,"minecraft:leather_boots":1,"minecraft:chainmail_boots":1,"majruszsdifficulty:golden_bandage":8,"minecraft:leather_leggings":2,"apocalypsenow:fire_axe":2,"cgm:heavy_rifle":1,"jeg:handmade_shell":38,"apocalypsenow:human_flesh":23,"minecraft:enchanted_book":1,"minecraft:iron_ingot":344,"minecraft:wheat_seeds":10,"apocalypsenow:open_canned_carrot":1,"minecraft:diamond_leggings":1,"minecraft:oak_fence":8,"minecraft:iron_helmet":1,"minecraft:feather":4,"minecraft:cobblestone":111,"minecraft:book":30,"minecraft:copper_ingot":132,"minecraft:coal":31,"alexsmobs:raw_catfish":16,"minecraft:golden_apple":10,"minecraft:coal_block":4,"minecraft:stick":9,"minecraft:cobweb":31,"last_of_us:rock":1,"minecraft:gray_wool":4,"minecraft:diorite":194,"minecraft:ink_sac":31,"minecraft:torch":1,"apocalypsenow:usa_armor_helmet":1,"minecraft:diamond_helmet":2,"minecraft:iron_leggings":3,"jeg:waterpipe_shotgun":1,"minecraft:iron_axe":1,"minecraft:raw_iron_block":64,"minecraft:chainmail_leggings":2,"minecraft:string":26,"apocalypsenow:whisky":1,"minecraft:acacia_planks":3,"minecraft:redstone":34,"minecraft:dandelion":4,"minecraft:smooth_basalt":1,"minecraft:furnace":9,"cgm:advanced_bullet":241,"alexsmobs:maggot":2,"minecraft:green_terracotta":1,"minecraft:stone_sword":1,"minecraft:raw_copper":128,"minecraft:tuff":2,"firstaid:morphine":6,"minecraft:raw_iron":50,"minecraft:iron_boots":1,"minecraft:shears":1,"minecraft:diamond_chestplate":1,"apocalypsenow:suturekit":2,"minecraft:iron_chestplate":2,"minecraft:diamond_pickaxe":1,"minecraft:oak_sapling":2,"minecraft:barrel":2,"minecraft:diamond_boots":2,"minecraft:stone_pickaxe":1,"minecraft:calcite":1,"alexsmobs:shed_snake_skin":2,"apocalypsenow:italian_bersaglieri_army_chestplate":1},"minecraft:mined":{"minecraft:dark_oak_planks":3,"minecraft:spruce_planks":1,"minecraft:cherry_log":96,"minecraft:jungle_leaves":1,"apocalypsenow:empty_market_shelves":24,"apocalypsenow:papertrashvariant":5,"minecraft:white_concrete":1,"apocalypsenow:bear_trap":1,"biomesoplenty:cattail":1,"minecraft:green_concrete":1,"minecraft:smooth_stone":4,"minecraft:tall_seagrass":9,"minecraft:raw_iron_block":1,"farmersdelight:wild_rice":15,"minecraft:iron_ore":93,"minecraft:barrel":2,"minecraft:fire":16,"minecraft:cobbled_deepslate":1,"apocalypsenow:glass_door":1,"minecraft:deepslate_lapis_ore":25,"minecraft:polished_deepslate_slab":1,"minecraft:dirt_path":1,"minecraft:oak_stairs":1,"biomesoplenty:webbing":3,"minecraft:light_gray_concrete":1,"apocalypsenow:corpsecloth":7,"apocalypsenow:green_petrol_barrel":12,"minecraft:polished_granite_stairs":4,"minecraft:green_bed":7,"biomesoplenty:willow_leaves":1,"apocalypsenow:metal_shelves":6,"biomesoplenty:glowworm_silk":1,"minecraft:polished_deepslate_stairs":1,"minecraft:medium_amethyst_bud":1,"biomesoplenty:wildflower":1,"minecraft:amethyst_cluster":2,"biomesoplenty:hanging_cobweb_strand":1,"apocalypsenow:papertrash":9,"apocalypsenow:metelshelvesfour":1,"minecraft:calcite":10,"minecraft:polished_andesite_stairs":2,"minecraft:chest":2,"last_of_us:noxioustree":2,"last_of_us:noxioussack":8,"minecraft:cobblestone":119,"minecraft:oak_planks":9,"apocalypsenow:metal_shelves_three":3,"minecraft:grindstone":1,"minecraft:bricks":9,"minecraft:amethyst_block":3,"minecraft:pink_petals":1,"minecraft:seagrass":2,"minecraft:grass":43,"apocalypsenow:metalshelvesone":1,"minecraft:sand":5,"minecraft:dirt":2,"apocalypsenow:black_concrete_bricks":29,"minecraft:smooth_basalt":3,"apocalypsenow:military_storage":2,"minecraft:deepslate":155,"minecraft:oak_leaves":23,"apocalypsenow:paperstrashvariant_2":5,"biomesoplenty:glowing_moss_block":7,"apocalypsenow:beartrapactivated":1,"minecraft:tuff":2,"minecraft:deepslate_diamond_ore":21,"minecraft:oak_door":1,"biomesoplenty:desert_grass":2,"minecraft:dark_oak_log":20,"apocalypsenow:metal_shelvels_two":2,"biomesoplenty:bush":1,"apocalypsenow:brokenoldradio":2,"minecraft:brick_stairs":13,"apocalypsenow:marketfridge":1,"minecraft:mangrove_propagule":3,"biomesoplenty:willow_planks":1,"cgm:workbench":1,"minecraft:redstone_ore":2,"minecraft:andesite":5,"minecraft:green_terracotta":1,"minecraft:gold_block":1,"minecraft:peony":3,"minecraft:bookshelf":1,"biomesoplenty:high_grass":17,"minecraft:deepslate_iron_ore":52,"minecraft:stone":183,"biomesoplenty:spider_egg":1,"minecraft:green_wool":24,"minecraft:podzol":1,"minecraft:gray_concrete":3,"jeg:scrap_ore":22,"minecraft:cherry_planks":8,"biomesoplenty:black_sand":1,"minecraft:crafting_table":5,"apocalypsenow:barbed_wire":21,"biomesoplenty:high_grass_plant":27,"minecraft:copper_ore":6,"minecraft:tall_grass":64,"minecraft:deepslate_gold_ore":47,"minecraft:red_concrete":1,"minecraft:diorite":10,"apocalypsenow:metalshelvesfive":1,"jeg:deepslate_scrap_ore":35,"jeg:scrap_workbench":3,"apocalypsenow:broken_plasma_tv":1,"minecraft:spruce_log":24,"minecraft:coal_ore":27,"apocalypsenow:market_shelves":6,"apocalypsenow:paperstrash":2,"minecraft:gravel":1,"apocalypsenow:papersvariant_2":2,"minecraft:cobweb":269,"minecraft:acacia_planks":1,"minecraft:gold_ore":10,"minecraft:fern":3},"minecraft:broken":{"minecraft:iron_sword":1,"last_of_us:rock":2,"minecraft:stone_sword":1,"minecraft:iron_pickaxe":1},"minecraft:custom":{"minecraft:interact_with_crafting_table":70,"minecraft:open_barrel":31,"minecraft:leave_game":6,"minecraft:time_since_death":49157,"minecraft:sprint_one_cm":1071328,"minecraft:damage_blocked_by_shield":2050,"minecraft:drop":293,"minecraft:talked_to_villager":5,"minecraft:play_time":870699,"minecraft:deaths":44,"minecraft:jump":9010,"minecraft:walk_on_water_one_cm":121915,"minecraft:enchant_item":15,"minecraft:interact_with_furnace":26,"minecraft:traded_with_villager":6,"minecraft:sleep_in_bed":9,"minecraft:damage_dealt":17785,"minecraft:player_kills":15,"minecraft:crouch_one_cm":127527,"minecraft:interact_with_smoker":1,"minecraft:horse_one_cm":499,"minecraft:interact_with_anvil":25,"minecraft:mob_kills":515,"minecraft:damage_dealt_resisted":385,"minecraft:climb_one_cm":7737,"minecraft:walk_one_cm":1157323,"minecraft:sneak_time":51534,"minecraft:walk_under_water_one_cm":90508,"minecraft:boat_one_cm":243985,"minecraft:interact_with_blast_furnace":7,"minecraft:total_world_time":870699,"minecraft:interact_with_grindstone":12,"minecraft:time_since_rest":18108,"minecraft:damage_taken":13177,"minecraft:swim_one_cm":237999,"minecraft:fly_one_cm":2799692,"minecraft:open_chest":87,"minecraft:fall_one_cm":233997},"minecraft:crafted":{"minecraft:black_dye":7,"apocalypsenow:suturekit":6,"minecraft:glass":17,"minecraft:diamond_helmet":2,"minecraft:diamond_leggings":1,"alexsmobs:cooked_catfish":55,"minecraft:raw_iron_block":35,"minecraft:glass_bottle":12,"apocalypsenow:open_canned_carrot":1,"minecraft:crafting_table":5,"minecraft:iron_helmet":1,"apocalypsenow:taser":1,"cgm:assault_rifle":3,"minecraft:stick":8,"minecraft:stone_sword":2,"minecraft:cherry_planks":128,"minecraft:furnace":5,"jeg:scrap_workbench":1,"minecraft:diamond_boots":2,"minecraft:dark_oak_planks":268,"sophisticatedbackpacks:iron_backpack":2,"sophisticatedbackpacks:gold_backpack":2,"minecraft:bucket":2,"minecraft:air":0,"jeg:scrap_block":3,"firstaid:morphine":4,"minecraft:white_wool":80,"minecraft:wooden_axe":1,"minecraft:iron_leggings":1,"firstaid:bandage":34,"minecraft:diamond_chestplate":2}},"DataVersion":3465}