{"stats":{"minecraft:killed":{"minecraft:cave_spider":5,"last_of_us:bloater":6,"minecraft:spider":15,"alexsmobs:shoebill":1,"alexsmobs:alligator_snapping_turtle":1,"minecraft:bee":7,"minecraft:chicken":2,"apocalypsenow:crawler_1":1,"last_of_us:clicker":33,"last_of_us:crawler":8,"alexsmobs:mantis_shrimp":1,"minecraft:creeper":19,"last_of_us:stalker":18,"minecraft:sheep":1,"minecraft:pillager":5,"apocalypsenow:cockroach":1,"alexsmobs:fly":2,"minecraft:cow":1,"last_of_us:runner":48,"alexsmobs:tiger":2,"apocalypsenow:military_02":2,"alexsmobs:blue_jay":1,"alexsmobs:bison":1,"last_of_us:shambler":4,"jeg:boo":1,"alexsmobs:catfish":14,"apocalypsenow:looter_4":1,"minecraft:enderman":1},"minecraft:dropped":{"minecraft:iron_sword":1,"minecraft:brown_mushroom":3,"minecraft:cooked_beef":4,"minecraft:oak_log":1,"minecraft:glow_ink_sac":6,"minecraft:diamond":16,"minecraft:crafting_table":1,"biomesoplenty:black_sand":1,"last_of_us:noxioustree":9,"minecraft:leather":10,"minecraft:leather_helmet":2,"minecraft:flint":5,"minecraft:gold_block":1,"minecraft:gray_concrete":1,"minecraft:red_bed":1,"firstaid:bandage":21,"minecraft:cornflower":2,"minecraft:dark_oak_planks":248,"jeg:tech_trash":5,"minecraft:gold_ingot":69,"last_of_us:noxioussack":1,"minecraft:cobbled_deepslate":64,"minecraft:cherry_sapling":6,"minecraft:rotten_flesh":5,"jeg:double_barrel_shotgun":1,"apocalypsenow:bloodybandages":1,"apocalypsenow:tank_helmet":1,"apocalypsenow:black_concrete_bricks":61,"minecraft:chainmail_chestplate":3,"jeg:revolver":1,"minecraft:gunpowder":94,"cgm:basic_bullet":280,"apocalypsenow:military_urban_chestplate":1,"minecraft:leather_boots":1,"minecraft:chainmail_boots":1,"majruszsdifficulty:golden_bandage":8,"minecraft:leather_leggings":2,"jeg:handmade_shell":38,"apocalypsenow:human_flesh":23,"minecraft:iron_ingot":344,"minecraft:wheat_seeds":1,"minecraft:oak_fence":8,"minecraft:iron_helmet":1,"minecraft:cobblestone":92,"minecraft:copper_ingot":132,"minecraft:coal":28,"minecraft:golden_apple":10,"minecraft:stick":9,"minecraft:cobweb":31,"last_of_us:rock":1,"minecraft:torch":1,"apocalypsenow:usa_armor_helmet":1,"minecraft:diamond_helmet":1,"minecraft:iron_leggings":3,"jeg:waterpipe_shotgun":1,"minecraft:iron_axe":1,"minecraft:chainmail_leggings":2,"minecraft:string":11,"apocalypsenow:whisky":1,"minecraft:acacia_planks":3,"minecraft:redstone":34,"minecraft:furnace":9,"cgm:advanced_bullet":113,"alexsmobs:maggot":2,"minecraft:stone_sword":1,"minecraft:tuff":2,"firstaid:morphine":6,"minecraft:raw_iron":50,"minecraft:iron_boots":1,"minecraft:shears":1,"minecraft:diamond_pickaxe":1,"minecraft:iron_chestplate":2,"minecraft:oak_sapling":2,"minecraft:barrel":2,"minecraft:diamond_boots":1,"minecraft:stone_pickaxe":1,"minecraft:calcite":1,"apocalypsenow:italian_bersaglieri_army_chestplate":1},"minecraft:used":{"alexsmobs:large_catfish_bucket":2,"cgm:machine_pistol":40,"minecraft:shield":39,"minecraft:iron_sword":201,"minecraft:green_terracotta":12,"minecraft:iron_chestplate":3,"apocalypsenow:black_concrete_bricks":71,"majruszsdifficulty:golden_bandage":36,"jeg:grenade":4,"minecraft:lava_bucket":2,"apocalypsenow:executioners_sword":2,"minecraft:iron_helmet":3,"apocalypsenow:juggernaut_helmet":1,"minecraft:furnace":2,"jeg:revolver":2,"cgm:heavy_rifle":106,"apocalypsenow:military_storage":8,"minecraft:leather_leggings":1,"minecraft:diamond_boots":5,"minecraft:oak_leaves":2,"minecraft:golden_apple":1,"minecraft:gray_concrete":2,"minecraft:green_concrete":1,"minecraft:light_gray_concrete":1,"cgm:assault_rifle":713,"apocalypsenow:tactical_knife":4,"minecraft:diamond_sword":3,"minecraft:chainmail_boots":1,"minecraft:andesite":1,"minecraft:oak_boat":1,"jeg:waterpipe_shotgun":1,"cgm:mini_gun":245,"apocalypsenow:brokenoldradio":1,"minecraft:cobweb":246,"minecraft:stone_sword":119,"minecraft:dirt":2,"cgm:workbench":1,"minecraft:chainmail_chestplate":1,"minecraft:diamond_helmet":5,"minecraft:dark_oak_planks":20,"minecraft:wooden_axe":50,"apocalypsenow:barbed_wire":20,"minecraft:iron_axe":154,"minecraft:brick_stairs":1,"minecraft:iron_boots":4,"minecraft:diamond_chestplate":1,"jeg:double_barrel_shotgun":26,"minecraft:cooked_beef":12,"minecraft:water_bucket":21,"apocalypsenow:taser":9,"minecraft:green_bed":5,"minecraft:crafting_table":8,"minecraft:diamond_pickaxe":151,"minecraft:iron_pickaxe":421,"minecraft:leather_helmet":1,"jeg:scrap_workbench":4,"minecraft:cobblestone":327,"minecraft:bucket":26,"apocalypsenow:human_flesh":1,"alexsmobs:emu_egg":1},"minecraft:killed_by":{"minecraft:creeper":1,"last_of_us:runner":12,"minecraft:cave_spider":1,"majruszsdifficulty:cursed_armor":1,"last_of_us:stalker":3,"minecraft:spider":1,"last_of_us:clicker":10},"minecraft:custom":{"minecraft:interact_with_crafting_table":45,"minecraft:open_barrel":26,"minecraft:leave_game":2,"minecraft:time_since_death":97250,"minecraft:sprint_one_cm":581893,"minecraft:damage_blocked_by_shield":1660,"minecraft:drop":200,"minecraft:play_time":292230,"minecraft:deaths":35,"minecraft:jump":4735,"minecraft:walk_on_water_one_cm":36044,"minecraft:interact_with_furnace":22,"minecraft:sleep_in_bed":3,"minecraft:damage_dealt":8600,"minecraft:player_kills":5,"minecraft:crouch_one_cm":64180,"minecraft:interact_with_smoker":1,"minecraft:horse_one_cm":424,"minecraft:mob_kills":205,"minecraft:climb_one_cm":254,"minecraft:walk_one_cm":546315,"minecraft:sneak_time":22596,"minecraft:walk_under_water_one_cm":21646,"minecraft:boat_one_cm":232825,"minecraft:total_world_time":292230,"minecraft:time_since_rest":64116,"minecraft:damage_taken":9337,"minecraft:swim_one_cm":90476,"minecraft:fly_one_cm":1321322,"minecraft:open_chest":29,"minecraft:fall_one_cm":135582},"minecraft:broken":{"minecraft:iron_sword":1,"last_of_us:rock":1,"minecraft:stone_sword":1,"minecraft:iron_pickaxe":1},"minecraft:mined":{"minecraft:dark_oak_planks":3,"minecraft:cherry_log":96,"apocalypsenow:papertrashvariant":5,"minecraft:green_concrete":1,"minecraft:raw_iron_block":1,"minecraft:iron_ore":67,"minecraft:barrel":2,"minecraft:deepslate_lapis_ore":5,"minecraft:polished_deepslate_slab":1,"biomesoplenty:webbing":2,"minecraft:light_gray_concrete":1,"apocalypsenow:green_petrol_barrel":12,"minecraft:polished_granite_stairs":4,"minecraft:green_bed":7,"biomesoplenty:glowworm_silk":1,"minecraft:polished_deepslate_stairs":1,"biomesoplenty:wildflower":1,"biomesoplenty:hanging_cobweb_strand":1,"apocalypsenow:papertrash":9,"minecraft:calcite":7,"minecraft:polished_andesite_stairs":2,"minecraft:chest":2,"last_of_us:noxioussack":6,"minecraft:cobblestone":53,"minecraft:oak_planks":8,"minecraft:bricks":9,"minecraft:pink_petals":1,"minecraft:grass":25,"minecraft:sand":5,"minecraft:dirt":1,"apocalypsenow:black_concrete_bricks":26,"apocalypsenow:military_storage":2,"minecraft:oak_leaves":15,"minecraft:deepslate":69,"apocalypsenow:paperstrashvariant_2":5,"biomesoplenty:glowing_moss_block":7,"minecraft:tuff":2,"minecraft:deepslate_diamond_ore":11,"biomesoplenty:desert_grass":2,"minecraft:dark_oak_log":20,"apocalypsenow:brokenoldradio":1,"minecraft:brick_stairs":13,"cgm:workbench":1,"minecraft:green_terracotta":1,"minecraft:andesite":5,"minecraft:gold_block":1,"minecraft:deepslate_iron_ore":51,"minecraft:stone":70,"minecraft:green_wool":24,"minecraft:gray_concrete":3,"jeg:scrap_ore":10,"biomesoplenty:black_sand":1,"minecraft:crafting_table":4,"apocalypsenow:barbed_wire":21,"minecraft:tall_grass":23,"minecraft:deepslate_gold_ore":14,"minecraft:diorite":8,"jeg:deepslate_scrap_ore":35,"jeg:scrap_workbench":2,"minecraft:spruce_log":24,"minecraft:coal_ore":27,"apocalypsenow:paperstrash":2,"apocalypsenow:papersvariant_2":2,"minecraft:cobweb":267,"minecraft:acacia_planks":1,"minecraft:gold_ore":10,"minecraft:fern":1},"minecraft:crafted":{"minecraft:glass":17,"minecraft:diamond_helmet":1,"minecraft:glass_bottle":12,"minecraft:crafting_table":4,"minecraft:iron_helmet":1,"apocalypsenow:taser":1,"minecraft:stick":8,"minecraft:stone_sword":2,"minecraft:furnace":3,"jeg:scrap_workbench":1,"minecraft:diamond_boots":1,"minecraft:dark_oak_planks":268,"sophisticatedbackpacks:iron_backpack":2,"sophisticatedbackpacks:gold_backpack":2,"minecraft:bucket":2,"minecraft:air":0,"jeg:scrap_block":1,"firstaid:morphine":4,"minecraft:white_wool":80,"minecraft:wooden_axe":1,"firstaid:bandage":34,"minecraft:iron_leggings":1,"minecraft:diamond_chestplate":1},"minecraft:picked_up":{"last_of_us:noxioussack":11,"chococraft:loverly_gysahl_green":1,"minecraft:iron_chestplate":12,"cgm:basic_bullet":515,"minecraft:chainmail_boots":4,"apocalypsenow:bloodybandages":4,"minecraft:diamond_sword":1,"firstaid:morphine":3,"minecraft:string":447,"minecraft:raw_copper":4,"minecraft:iron_leggings":10,"jeg:revolver":2,"minecraft:oak_sign":2,"minecraft:diamond_leggings":3,"minecraft:cobbled_deepslate":150,"minecraft:spruce_planks":12,"minecraft:calcite":46,"minecraft:iron_pickaxe":2,"cgm:advanced_bullet":334,"minecraft:furnace":4,"minecraft:iron_boots":16,"minecraft:stick":59,"minecraft:polished_deepslate_stairs":1,"minecraft:oak_fence":9,"minecraft:torch":4,"minecraft:green_bed":7,"minecraft:porkchop":6,"minecraft:cherry_log":96,"minecraft:diorite":17,"minecraft:green_terracotta":3,"minecraft:stone_sword":1,"minecraft:rotten_flesh":49,"alexsmobs:emu_egg":1,"minecraft:green_wool":34,"minecraft:obsidian":3,"minecraft:cobblestone":357,"apocalypsenow:wire_fence":3,"minecraft:pink_petals":4,"minecraft:cooked_beef":36,"minecraft:feather":1,"minecraft:water_bucket":14,"minecraft:andesite":4,"biomesoplenty:glowshroom":2,"minecraft:tuff":2,"jeg:scrap":94,"cgm:heavy_rifle":2,"minecraft:gray_concrete":4,"minecraft:lapis_lazuli":58,"minecraft:dirt":4,"minecraft:leather_boots":4,"minecraft:acacia_planks":6,"minecraft:wheat_seeds":5,"apocalypsenow:human_flesh":105,"minecraft:raw_gold":73,"majruszsdifficulty:golden_bandage":75,"minecraft:diamond_helmet":13,"minecraft:oak_planks":19,"apocalypsenow:brokenoldradio":1,"minecraft:sand":8,"minecraft:fermented_spider_eye":1,"alexsmobs:animal_dictionary":1,"last_of_us:noxioustree":29,"minecraft:dark_oak_log":118,"minecraft:barrel":2,"minecraft:light_gray_concrete":1,"minecraft:green_concrete":1,"minecraft:diamond":50,"minecraft:golden_apple":11,"apocalypsenow:dead_cockroach":1,"alexsmobs:maggot":2,"minecraft:oak_sapling":2,"minecraft:bricks":45,"apocalypsenow:black_concrete_bricks":101,"minecraft:oak_leaves":10,"minecraft:diamond_pickaxe":3,"sophisticatedbackpacks:gold_backpack":12,"minecraft:crafting_table":4,"minecraft:leather_leggings":5,"minecraft:brown_mushroom":3,"minecraft:gold_block":2,"jeg:scrap_workbench":2,"minecraft:shield":10,"minecraft:cornflower":4,"minecraft:iron_axe":3,"cgm:weighted_stock":1,"biomesoplenty:black_sand":1,"cgm:mini_gun":2,"minecraft:chest":2,"minecraft:dark_oak_sapling":15,"minecraft:raw_iron":182,"minecraft:polished_deepslate_slab":1,"last_of_us:rags":7,"minecraft:oak_door":1,"apocalypsenow:green_petrol_barrel":14,"sophisticatedbackpacks:backpack":1,"minecraft:redstone":34,"last_of_us:rock":3,"minecraft:dark_oak_planks":191,"minecraft:polished_granite_stairs":4,"minecraft:diamond_chestplate":1,"cgm:assault_rifle":2,"minecraft:shears":1,"minecraft:diamond_boots":12,"jeg:waterpipe_shotgun":1,"minecraft:gold_ingot":7,"firstaid:bandage":175,"minecraft:brick_stairs":57,"minecraft:white_wool":3,"apocalypsenow:barbed_wire":23,"minecraft:glow_ink_sac":6,"minecraft:leather":9,"minecraft:oak_log":9,"minecraft:chainmail_chestplate":5,"minecraft:gunpowder":20,"minecraft:cobblestone_stairs":6,"biomesoplenty:glowing_moss_carpet":10,"jeg:grenade":5,"apocalypsenow:military_urban_chestplate":1,"chococraft:gysahl_green":14,"minecraft:iron_ingot":62,"minecraft:stone_pickaxe":1,"minecraft:cobweb":233,"jeg:double_barrel_shotgun":15,"minecraft:iron_sword":7,"jeg:tech_trash":16,"minecraft:polished_andesite_stairs":10,"apocalypsenow:military_storage":2,"minecraft:raw_iron_block":1,"apocalypsenow:tank_helmet":1,"minecraft:spruce_sapling":10,"chococraft:gysahl_green_seeds":4,"minecraft:spruce_log":69,"minecraft:brick_slab":1,"biomesoplenty:glowing_moss_block":3,"minecraft:spider_eye":3,"minecraft:leather_helmet":5,"jeg:handmade_shell":204,"apocalypsenow:granola_bar":1,"alexsmobs:raw_catfish":70,"apocalypsenow:papertrash":30,"jeg:ectoplasm":1,"apocalypsenow:nightvisionmodule":1,"minecraft:chainmail_leggings":2,"minecraft:iron_helmet":9,"apocalypsenow:italian_bersaglieri_army_chestplate":1,"minecraft:cherry_sapling":70,"cgm:workbench":1,"minecraft:coal":55,"minecraft:ender_pearl":2}},"DataVersion":3465}