{"stats":{"minecraft:killed_by":{"minecraft:creeper":1,"last_of_us:runner":3,"last_of_us:stalker":2,"minecraft:player":4,"last_of_us:clicker":8},"minecraft:used":{"minecraft:chest":2,"minecraft:shield":21,"minecraft:iron_sword":189,"apocalypsenow:pallet_slab":9,"apocalypsenow:black_concrete_bricks":3,"majruszsdifficulty:golden_bandage":4,"minecraft:lava_bucket":1,"minecraft:bricks":4,"minecraft:furnace":11,"apocalypsenow:military_storage":2,"minecraft:diamond_boots":2,"minecraft:stone_pickaxe":110,"minecraft:oak_planks":21,"minecraft:wooden_pickaxe":14,"minecraft:oak_leaves":6,"minecraft:shears":239,"minecraft:string":5,"minecraft:gravel":8,"minecraft:diamond_sword":293,"minecraft:andesite":6,"minecraft:oak_boat":2,"jeg:waterpipe_shotgun":10,"apocalypsenow:brokenoldradio":1,"minecraft:cobweb":418,"minecraft:oak_fence":1,"biomesoplenty:glowing_moss_block":2,"apocalypsenow:tank_trap":1,"biomesoplenty:mossy_black_sand":1,"minecraft:oak_door":1,"minecraft:torch":19,"minecraft:spyglass":4,"minecraft:dirt":30,"cgm:workbench":1,"minecraft:diamond_helmet":1,"apocalypsenow:wire_fence":3,"cgm:rifle":77,"minecraft:granite":1,"biomesoplenty:black_sandstone":3,"minecraft:dark_oak_planks":116,"minecraft:wooden_axe":67,"minecraft:diamond_chestplate":6,"minecraft:cooked_beef":11,"minecraft:cobbled_deepslate":108,"biomesoplenty:black_sand":3,"minecraft:calcite":4,"minecraft:water_bucket":54,"minecraft:crafting_table":12,"minecraft:red_bed":4,"minecraft:smoker":1,"minecraft:diamond_pickaxe":449,"minecraft:iron_pickaxe":93,"minecraft:stone_axe":67,"minecraft:cobblestone":109,"majruszsdifficulty:bandage":2,"minecraft:bucket":57,"minecraft:diamond_leggings":4},"minecraft:killed":{"apocalypsenow:crawler_4":1,"last_of_us:clicker":3,"minecraft:creeper":9,"alexsmobs:cachalot_whale":2,"minecraft:cow":4,"chococraft:chocobo":1,"last_of_us:runner":2,"alexsmobs:seagull":3,"alexsmobs:bison":2,"minecraft:squid":1,"alexsmobs:catfish":1,"apocalypsenow:walker_16":3,"minecraft:enderman":1},"minecraft:picked_up":{"minecraft:iron_chestplate":2,"cgm:basic_bullet":39,"minecraft:diamond_sword":8,"minecraft:amethyst_block":14,"minecraft:string":648,"minecraft:raw_copper":55,"jeg:revolver":1,"apocalypsenow:pallet_slab":10,"minecraft:oak_sign":4,"minecraft:diamond_leggings":8,"minecraft:cobbled_deepslate":113,"minecraft:calcite":32,"minecraft:iron_pickaxe":2,"cgm:advanced_bullet":97,"minecraft:furnace":11,"minecraft:stick":9,"minecraft:oak_fence":10,"minecraft:torch":17,"minecraft:green_bed":5,"apocalypsenow:tank_trap":2,"minecraft:diorite":2,"minecraft:rotten_flesh":7,"apocalypsenow:military_pilotheadset":1,"alexsdelight:raw_bison":5,"minecraft:green_wool":112,"chococraft:chocobo_drumstick_raw":2,"minecraft:obsidian":36,"minecraft:cobblestone":220,"apocalypsenow:wire_fence":6,"minecraft:feather":4,"minecraft:cooked_beef":76,"minecraft:water_bucket":3,"minecraft:andesite":14,"minecraft:smoker":2,"alexsmobs:bison_fur":4,"minecraft:flint":8,"minecraft:tuff":6,"jeg:scrap":119,"minecraft:lapis_lazuli":12,"minecraft:dirt":74,"apocalypsenow:human_flesh":63,"minecraft:wheat_seeds":2,"minecraft:raw_gold":44,"majruszsdifficulty:golden_bandage":32,"minecraft:diamond_helmet":1,"minecraft:oak_planks":88,"apocalypsenow:brokenoldradio":1,"cgm:rifle":2,"minecraft:stripped_spruce_log":1,"minecraft:ink_sac":2,"last_of_us:noxioustree":3,"minecraft:dark_oak_log":11,"minecraft:mossy_cobblestone":3,"minecraft:diamond":41,"biomesoplenty:mossy_black_sand":1,"minecraft:granite":2,"minecraft:emerald":1,"minecraft:oak_sapling":3,"minecraft:oak_leaves":194,"minecraft:bricks":12,"apocalypsenow:black_concrete_bricks":4,"minecraft:diamond_pickaxe":9,"minecraft:crafting_table":11,"minecraft:wooden_pickaxe":1,"minecraft:shield":4,"minecraft:cornflower":4,"apocalypsenow:pile_of_tires":6,"minecraft:red_bed":9,"biomesoplenty:willow_planks":2,"biomesoplenty:black_sand":3,"minecraft:beef":12,"minecraft:oak_boat":1,"minecraft:chest":4,"minecraft:raw_iron":72,"last_of_us:rags":3,"minecraft:oak_door":1,"minecraft:copper_ingot":17,"apocalypsenow:green_petrol_barrel":2,"minecraft:dark_oak_planks":307,"minecraft:diamond_chestplate":7,"minecraft:shears":2,"minecraft:diamond_boots":3,"jeg:waterpipe_shotgun":8,"firstaid:bandage":22,"minecraft:brick_stairs":2,"biomesoplenty:black_sandstone":3,"minecraft:leather":10,"minecraft:oak_log":8,"minecraft:gunpowder":19,"chococraft:chocobo_feather":2,"apocalypsenow:military_urban_chestplate":2,"chococraft:gysahl_green":68,"minecraft:apple":2,"minecraft:iron_ingot":24,"minecraft:stone_pickaxe":1,"minecraft:cobweb":140,"jeg:tech_trash":11,"sophisticatedbackpacks:diamond_backpack":10,"minecraft:polished_andesite_stairs":2,"minecraft:smooth_basalt":4,"apocalypsenow:military_storage":2,"minecraft:spyglass":1,"minecraft:gravel":16,"minecraft:amethyst_shard":40,"apocalypsenow:tank_helmet":2,"minecraft:spruce_sapling":7,"chococraft:gysahl_green_seeds":26,"minecraft:spruce_log":44,"biomesoplenty:glowing_moss_block":7,"minecraft:spruce_door":3,"minecraft:spider_eye":1,"jeg:handmade_shell":14,"alexsmobs:raw_catfish":6,"apocalypsenow:papertrash":44,"minecraft:stone_axe":2,"minecraft:chainmail_leggings":1,"minecraft:iron_helmet":2,"minecraft:coal":95},"minecraft:dropped":{"minecraft:iron_sword":1,"minecraft:cooked_beef":8,"minecraft:diamond":2,"last_of_us:noxioustree":1,"minecraft:leather_helmet":3,"minecraft:emerald":1,"minecraft:cornflower":4,"minecraft:dark_oak_planks":4,"minecraft:green_wool":11,"minecraft:gravel":2,"minecraft:cobbled_deepslate":4,"minecraft:rotten_flesh":4,"apocalypsenow:nightvisionmodule":1,"biomesoplenty:glowing_moss_block":5,"apocalypsenow:tank_helmet":1,"minecraft:chainmail_chestplate":2,"jeg:revolver":1,"cgm:basic_bullet":39,"minecraft:brick_stairs":1,"apocalypsenow:military_urban_chestplate":1,"minecraft:chest":2,"minecraft:leather_boots":2,"last_of_us:rags":1,"minecraft:chainmail_boots":2,"minecraft:leather_leggings":2,"minecraft:oak_leaves":1,"apocalypsenow:human_flesh":14,"minecraft:mossy_cobblestone":1,"minecraft:oak_fence":7,"minecraft:iron_helmet":1,"minecraft:cobblestone":6,"minecraft:amethyst_block":14,"minecraft:granite":1,"minecraft:spruce_door":1,"minecraft:stick":2,"minecraft:cobweb":86,"minecraft:diorite":2,"jeg:waterpipe_shotgun":1,"minecraft:chainmail_leggings":2,"minecraft:string":7,"minecraft:spruce_sapling":7,"minecraft:smooth_basalt":4,"minecraft:raw_copper":4,"minecraft:tuff":2,"minecraft:oak_sign":4,"minecraft:iron_chestplate":1,"minecraft:andesite":8,"minecraft:stone_pickaxe":1,"minecraft:wooden_pickaxe":1,"minecraft:calcite":14,"chococraft:gysahl_green":5},"minecraft:mined":{"minecraft:dark_oak_planks":51,"apocalypsenow:wire_fence":7,"biomesoplenty:glowshroom":1,"minecraft:obsidian":9,"minecraft:granite":1,"minecraft:grass_block":2,"apocalypsenow:papertrashvariant":9,"minecraft:iron_ore":31,"minecraft:cobbled_deepslate":3,"minecraft:deepslate_lapis_ore":2,"chococraft:gysahl_green":20,"biomesoplenty:webbing":10,"apocalypsenow:green_petrol_barrel":4,"minecraft:green_bed":5,"minecraft:red_bed":5,"biomesoplenty:glowworm_silk":1,"minecraft:smoker":1,"minecraft:amethyst_cluster":2,"apocalypsenow:papertrash":18,"minecraft:torch":2,"biomesoplenty:black_sandstone":3,"minecraft:calcite":20,"minecraft:polished_andesite_stairs":2,"minecraft:chest":2,"minecraft:cobblestone":19,"minecraft:oak_planks":1,"minecraft:bricks":8,"minecraft:wall_torch":3,"minecraft:amethyst_block":14,"minecraft:grass":24,"minecraft:oak_log":2,"minecraft:dirt":5,"minecraft:smooth_basalt":4,"apocalypsenow:black_concrete_bricks":3,"apocalypsenow:military_storage":2,"minecraft:oak_leaves":185,"minecraft:deepslate":116,"apocalypsenow:paperstrashvariant_2":6,"biomesoplenty:glowing_moss_block":3,"minecraft:tuff":7,"minecraft:mossy_cobblestone":1,"minecraft:deepslate_diamond_ore":41,"apocalypsenow:pile_of_tires":6,"minecraft:oak_door":1,"biomesoplenty:desert_grass":5,"minecraft:dark_oak_log":15,"minecraft:glow_lichen":1,"biomesoplenty:bush":1,"apocalypsenow:brokenoldradio":1,"minecraft:brick_stairs":2,"minecraft:spruce_leaves":1,"biomesoplenty:willow_planks":2,"apocalypsenow:pallet_slab":10,"minecraft:furnace":11,"minecraft:andesite":10,"minecraft:stripped_spruce_log":1,"minecraft:deepslate_iron_ore":43,"minecraft:stone":130,"minecraft:green_wool":88,"biomesoplenty:black_sand":3,"minecraft:oak_fence":3,"minecraft:crafting_table":7,"minecraft:cornflower":1,"minecraft:emerald_ore":1,"minecraft:copper_ore":10,"minecraft:deepslate_gold_ore":44,"minecraft:diorite":2,"jeg:deepslate_scrap_ore":59,"minecraft:spruce_log":44,"minecraft:birch_leaves":1,"apocalypsenow:tank_trap":2,"minecraft:coal_ore":29,"apocalypsenow:paperstrash":8,"apocalypsenow:papersvariant_2":7,"minecraft:gravel":8,"biomesoplenty:stringy_cobweb":1,"minecraft:cobweb":437},"minecraft:broken":{"minecraft:shears":1,"minecraft:wooden_axe":1},"minecraft:custom":{"minecraft:interact_with_crafting_table":43,"minecraft:open_barrel":47,"minecraft:leave_game":3,"minecraft:time_since_death":14547,"minecraft:sprint_one_cm":395245,"minecraft:damage_blocked_by_shield":912,"minecraft:drop":73,"minecraft:play_time":208648,"minecraft:deaths":26,"minecraft:jump":4178,"minecraft:walk_on_water_one_cm":63310,"minecraft:interact_with_furnace":116,"minecraft:sleep_in_bed":3,"minecraft:damage_dealt":2801,"minecraft:player_kills":1,"minecraft:crouch_one_cm":39495,"minecraft:interact_with_smoker":1,"minecraft:mob_kills":33,"minecraft:climb_one_cm":196,"minecraft:walk_one_cm":252707,"minecraft:sneak_time":16010,"minecraft:walk_under_water_one_cm":13366,"minecraft:boat_one_cm":389700,"minecraft:total_world_time":208648,"minecraft:time_since_rest":14573,"minecraft:damage_taken":5886,"minecraft:swim_one_cm":80787,"minecraft:fly_one_cm":899342,"minecraft:open_chest":29,"minecraft:fall_one_cm":142456},"minecraft:crafted":{"minecraft:oak_planks":20,"minecraft:diamond_helmet":1,"minecraft:diamond_leggings":1,"minecraft:chest":1,"sophisticatedbackpacks:backpack":1,"minecraft:crafting_table":5,"minecraft:spruce_planks":176,"minecraft:iron_helmet":1,"minecraft:wooden_pickaxe":2,"majruszsdifficulty:bandage":52,"minecraft:copper_ingot":31,"minecraft:diamond_pickaxe":1,"minecraft:shield":2,"sophisticatedbackpacks:diamond_backpack":1,"minecraft:stick":24,"minecraft:iron_pickaxe":1,"minecraft:iron_ingot":72,"minecraft:gold_ingot":72,"minecraft:shears":2,"minecraft:spyglass":1,"minecraft:furnace":6,"minecraft:stone_pickaxe":1,"minecraft:diamond_boots":1,"minecraft:dark_oak_planks":4,"sophisticatedbackpacks:iron_backpack":1,"minecraft:diamond_sword":1,"minecraft:iron_sword":2,"sophisticatedbackpacks:gold_backpack":1,"minecraft:bucket":2,"minecraft:stone_axe":1,"minecraft:air":0,"majruszsdifficulty:golden_bandage":32,"minecraft:oak_boat":1,"minecraft:white_wool":14,"minecraft:gold_nugget":558,"apocalypsenow:cooked_human_flesh":6,"minecraft:wooden_axe":1,"chococraft:chocobo_saddle":1,"firstaid:bandage":34,"minecraft:torch":16,"minecraft:diamond_chestplate":1}},"DataVersion":3465}