{"stats":{"minecraft:killed":{"last_of_us:bloater":5,"minecraft:cave_spider":1,"minecraft:witch":2,"apocalypsenow:crawler_3":1,"minecraft:spider":18,"minecraft:bee":6,"minecraft:chicken":2,"last_of_us:clicker":43,"minecraft:pig":4,"last_of_us:crawler":14,"minecraft:creeper":57,"last_of_us:stalker":41,"minecraft:sheep":4,"minecraft:cow":4,"chococraft:chocobo":1,"apocalypsenow:looter_1":2,"alexsmobs:raccoon":3,"alexsmobs:tiger":2,"last_of_us:runner":49,"apocalypsenow:military_02":2,"alexsmobs:seagull":2,"alexsmobs:bison":1,"apocalypsenow:military_medic":1,"last_of_us:shambler":9,"alexsmobs:catfish":1,"alexsmobs:gazelle":2,"alexsmobs:crow":1},"minecraft:used":{"minecraft:chest":2,"minecraft:shield":15,"minecraft:iron_sword":768,"minecraft:green_terracotta":1,"apocalypsenow:black_concrete_bricks":43,"jeg:custom_smg":35,"last_of_us:noxioussack":1,"majruszsdifficulty:golden_bandage":7,"minecraft:tuff":3,"jeg:grenade":15,"minecraft:green_wool":17,"apocalypsenow:italian_bersaglieri_army_chestplate":1,"minecraft:furnace":5,"jeg:revolver":13,"cgm:heavy_rifle":124,"alexsmobs:raw_catfish":1,"minecraft:leather_leggings":1,"minecraft:oak_planks":253,"minecraft:stone_pickaxe":103,"biomesoplenty:willow_planks":133,"minecraft:wooden_pickaxe":11,"minecraft:oak_leaves":6,"minecraft:sand":3,"minecraft:gray_concrete":3,"minecraft:shears":146,"minecraft:gravel":1,"cgm:assault_rifle":1922,"apocalypsenow:tactical_knife":1,"minecraft:wooden_sword":43,"minecraft:smooth_stone_slab":6,"chococraft:gysahl_green":2,"minecraft:oak_boat":1,"apocalypsenow:brokenoldradio":2,"minecraft:cobweb":792,"minecraft:stone_sword":192,"biomesoplenty:glowing_moss_block":34,"apocalypsenow:tank_trap":7,"minecraft:torch":2,"minecraft:dirt":40,"cgm:workbench":1,"minecraft:chainmail_chestplate":1,"apocalypsenow:wire_fence":28,"biomesoplenty:black_sandstone":3,"minecraft:dark_oak_planks":70,"minecraft:wooden_axe":97,"apocalypsenow:barbed_wire":2,"minecraft:iron_axe":460,"minecraft:brick_stairs":6,"minecraft:barrel":2,"minecraft:cooked_beef":9,"minecraft:acacia_planks":40,"minecraft:cobbled_deepslate":23,"minecraft:iron_leggings":1,"biomesoplenty:black_sand":6,"minecraft:water_bucket":59,"minecraft:green_bed":2,"minecraft:leather_boots":1,"minecraft:crafting_table":9,"minecraft:red_bed":3,"minecraft:diamond_pickaxe":321,"minecraft:iron_pickaxe":108,"jeg:scrap_workbench":1,"apocalypsenow:corpsesack":6,"minecraft:cobblestone":10,"minecraft:cooked_porkchop":2,"majruszsdifficulty:bandage":35,"minecraft:bucket":60,"apocalypsenow:human_flesh":2},"minecraft:dropped":{"apocalypsenow:dead_cockroach":1,"minecraft:lapis_lazuli":6,"minecraft:oak_log":12,"minecraft:glow_ink_sac":6,"biomesoplenty:willow_sapling":32,"minecraft:crafting_table":1,"minecraft:cooked_porkchop":2,"last_of_us:noxioustree":36,"minecraft:leather":4,"minecraft:leather_helmet":1,"sophisticatedbackpacks:gold_backpack":1,"minecraft:cobblestone_stairs":6,"minecraft:flint":5,"minecraft:dirt":9,"minecraft:red_bed":1,"minecraft:grass":1,"firstaid:bandage":8,"apocalypsenow:papertrash":7,"alexsmobs:cooked_catfish":47,"minecraft:wooden_sword":1,"minecraft:fermented_spider_eye":1,"minecraft:dark_oak_planks":69,"alexsmobs:raccoon_tail":2,"minecraft:white_wool":3,"biomesoplenty:toadstool":4,"last_of_us:noxioussack":7,"minecraft:cobbled_deepslate":69,"apocalypsenow:granola_bar":1,"minecraft:cherry_sapling":49,"jeg:double_barrel_shotgun":1,"minecraft:rotten_flesh":13,"minecraft:oak_planks":4,"minecraft:glowstone_dust":1,"apocalypsenow:bloodybandages":1,"cgm:assault_rifle":1,"apocalypsenow:black_concrete_bricks":107,"biomesoplenty:glowing_moss_carpet":13,"minecraft:chainmail_chestplate":1,"jeg:revolver":1,"cgm:basic_bullet":39,"minecraft:brick_stairs":50,"last_of_us:rags":7,"minecraft:acacia_sapling":2,"minecraft:chainmail_boots":2,"majruszsdifficulty:golden_bandage":12,"minecraft:leather_leggings":1,"cgm:heavy_rifle":1,"minecraft:oak_leaves":5,"minecraft:water_bucket":1,"apocalypsenow:human_flesh":28,"minecraft:wheat_seeds":22,"minecraft:golden_helmet":1,"minecraft:mossy_cobblestone":1,"minecraft:feather":1,"minecraft:iron_helmet":1,"minecraft:cobblestone":54,"biomesoplenty:cattail":1,"chococraft:gysahl_green_seeds":2,"minecraft:coal":1,"minecraft:stick":11,"minecraft:cobweb":38,"last_of_us:rock":1,"minecraft:diorite":5,"minecraft:wooden_axe":1,"minecraft:diamond_helmet":1,"minecraft:polished_andesite_stairs":6,"jeg:waterpipe_shotgun":1,"biomesoplenty:glowshroom":10,"minecraft:string":14,"minecraft:pink_petals":7,"minecraft:acacia_planks":3,"minecraft:spruce_sapling":2,"minecraft:furnace":1,"minecraft:bricks":39,"minecraft:moss_carpet":2,"cgm:advanced_bullet":38,"alexsmobs:acacia_blossom":2,"minecraft:stone_sword":1,"chococraft:chocobo_feather":2,"minecraft:green_bed":2,"minecraft:tuff":2,"minecraft:shears":1,"alexsmobs:lobster_tail":1,"minecraft:diamond_chestplate":1,"minecraft:iron_chestplate":2,"minecraft:oak_boat":1,"minecraft:oak_sapling":13,"minecraft:barrel":4,"minecraft:spider_eye":7,"minecraft:stone_pickaxe":1,"minecraft:wooden_pickaxe":2,"minecraft:calcite":34,"minecraft:brick_slab":1,"chococraft:gysahl_green":4},"minecraft:killed_by":{"minecraft:creeper":1,"last_of_us:runner":2,"minecraft:cave_spider":1,"alexsmobs:anaconda":1,"last_of_us:stalker":1,"minecraft:player":2,"last_of_us:clicker":7,"last_of_us:bloater":1},"minecraft:custom":{"minecraft:interact_with_crafting_table":46,"minecraft:open_barrel":63,"minecraft:leave_game":1,"minecraft:time_since_death":14343,"minecraft:damage_resisted":416,"minecraft:sprint_one_cm":387523,"minecraft:damage_blocked_by_shield":1200,"minecraft:drop":206,"minecraft:play_time":368467,"minecraft:deaths":23,"minecraft:jump":4271,"minecraft:walk_on_water_one_cm":71129,"minecraft:interact_with_furnace":36,"minecraft:sleep_in_bed":5,"minecraft:damage_dealt":10588,"minecraft:crouch_one_cm":74037,"minecraft:interact_with_smoker":3,"minecraft:mob_kills":284,"minecraft:climb_one_cm":4408,"minecraft:walk_one_cm":794163,"minecraft:sneak_time":39878,"minecraft:walk_under_water_one_cm":18701,"minecraft:boat_one_cm":131723,"minecraft:total_world_time":368467,"minecraft:time_since_rest":9434,"minecraft:damage_taken":6831,"minecraft:swim_one_cm":42269,"minecraft:fly_one_cm":635126,"minecraft:open_chest":42,"minecraft:fall_one_cm":104564},"minecraft:broken":{"minecraft:wooden_sword":1,"minecraft:iron_sword":4,"minecraft:wooden_axe":2,"minecraft:stone_sword":2},"minecraft:mined":{"minecraft:dark_oak_planks":1,"biomesoplenty:mossy_black_sand":1,"apocalypsenow:wire_fence":30,"biomesoplenty:glowshroom":2,"minecraft:cobblestone_stairs":6,"minecraft:cherry_log":109,"minecraft:acacia_log":19,"minecraft:grass_block":19,"minecraft:iron_ore":1,"minecraft:barrel":5,"minecraft:moss_carpet":1,"minecraft:deepslate_lapis_ore":1,"chococraft:gysahl_green":2,"biomesoplenty:glowshroom_block":21,"biomesoplenty:webbing":11,"minecraft:light_gray_concrete":3,"minecraft:green_bed":4,"minecraft:deepslate_redstone_ore":3,"minecraft:red_bed":2,"biomesoplenty:glowing_moss_carpet":3,"biomesoplenty:glowworm_silk":4,"apocalypsenow:corpsesack":6,"apocalypsenow:papertrash":2,"biomesoplenty:black_sandstone":3,"minecraft:calcite":37,"minecraft:polished_andesite_stairs":6,"minecraft:mushroom_stem":4,"minecraft:cobblestone":16,"minecraft:oak_planks":89,"minecraft:bricks":41,"minecraft:deepslate_copper_ore":1,"minecraft:pink_petals":2,"minecraft:yellow_wool":15,"minecraft:smooth_stone_slab":6,"minecraft:grass":43,"minecraft:oak_log":107,"minecraft:sand":2,"minecraft:dirt":14,"apocalypsenow:black_concrete_bricks":99,"minecraft:oak_leaves":7,"minecraft:deepslate":23,"apocalypsenow:paperstrashvariant_2":1,"biomesoplenty:glowing_moss_block":34,"minecraft:deepslate_diamond_ore":2,"minecraft:dark_oak_log":2,"biomesoplenty:bush":1,"minecraft:brick_stairs":53,"minecraft:spruce_leaves":9,"biomesoplenty:willow_planks":8,"minecraft:redstone_ore":6,"biomesoplenty:toadstool":3,"minecraft:green_terracotta":3,"minecraft:deepslate_iron_ore":13,"biomesoplenty:spider_egg":1,"minecraft:stone":107,"minecraft:white_wool":15,"minecraft:green_wool":163,"minecraft:acacia_leaves":4,"minecraft:gray_concrete":5,"jeg:scrap_ore":11,"biomesoplenty:black_sand":4,"minecraft:tall_grass":20,"minecraft:copper_ore":1,"minecraft:deepslate_gold_ore":18,"biomesoplenty:willow_log":108,"minecraft:diorite":5,"jeg:deepslate_scrap_ore":18,"jeg:scrap_workbench":1,"minecraft:brick_slab":1,"minecraft:spruce_log":2,"apocalypsenow:tank_trap":7,"minecraft:mangrove_leaves":2,"minecraft:coal_ore":1,"apocalypsenow:paperstrash":1,"apocalypsenow:papersvariant_2":1,"minecraft:gravel":1,"biomesoplenty:stringy_cobweb":2,"minecraft:cobweb":768,"minecraft:acacia_planks":5,"minecraft:gold_ore":7,"minecraft:fern":1},"minecraft:crafted":{"minecraft:oak_planks":340,"minecraft:cooked_chicken":2,"minecraft:stone":13,"minecraft:glass":47,"minecraft:repeater":1,"minecraft:iron_boots":2,"minecraft:chest":3,"sophisticatedbackpacks:backpack":1,"minecraft:cooked_porkchop":8,"minecraft:crafting_table":9,"minecraft:spruce_planks":12,"minecraft:iron_helmet":1,"minecraft:wooden_pickaxe":1,"majruszsdifficulty:bandage":72,"minecraft:copper_ingot":10,"minecraft:iron_chestplate":1,"minecraft:diamond_pickaxe":1,"minecraft:shield":1,"minecraft:stick":24,"minecraft:iron_pickaxe":1,"minecraft:stone_sword":4,"minecraft:gold_ingot":9,"minecraft:redstone_torch":2,"minecraft:cherry_planks":428,"minecraft:wooden_sword":2,"minecraft:iron_axe":3,"minecraft:stone_pickaxe":2,"minecraft:dark_oak_planks":8,"cgm:workbench":1,"sophisticatedbackpacks:iron_backpack":1,"minecraft:iron_sword":6,"sophisticatedbackpacks:gold_backpack":1,"minecraft:bucket":1,"biomesoplenty:willow_planks":408,"minecraft:stone_axe":1,"minecraft:air":0,"minecraft:white_wool":105,"minecraft:wooden_axe":3,"firstaid:bandage":69,"minecraft:iron_leggings":1,"minecraft:acacia_planks":72},"minecraft:picked_up":{"last_of_us:noxioussack":9,"minecraft:iron_chestplate":7,"cgm:basic_bullet":3061,"minecraft:chainmail_boots":2,"apocalypsenow:bloodybandages":1,"minecraft:yellow_wool":14,"firstaid:morphine":3,"minecraft:string":986,"minecraft:raw_copper":6,"minecraft:smooth_stone_slab":6,"minecraft:iron_leggings":7,"jeg:revolver":5,"minecraft:cobbled_deepslate":92,"minecraft:bucket":2,"minecraft:calcite":37,"alexsmobs:raccoon_tail":2,"cgm:advanced_bullet":308,"minecraft:furnace":6,"minecraft:iron_boots":4,"minecraft:golden_helmet":1,"minecraft:stick":74,"jeg:pistol_ammo":60,"minecraft:acacia_log":18,"minecraft:torch":2,"minecraft:green_bed":7,"apocalypsenow:tank_trap":7,"minecraft:porkchop":8,"minecraft:cherry_log":107,"minecraft:diorite":5,"minecraft:green_terracotta":3,"minecraft:rotten_flesh":20,"minecraft:green_wool":194,"alexsmobs:lobster_tail":2,"minecraft:cobblestone":230,"apocalypsenow:wire_fence":28,"minecraft:pink_petals":7,"minecraft:cooked_beef":164,"minecraft:feather":1,"minecraft:water_bucket":4,"biomesoplenty:glowshroom":10,"minecraft:flint":5,"minecraft:tuff":5,"jeg:scrap":244,"cgm:heavy_rifle":5,"minecraft:gray_concrete":7,"minecraft:lapis_lazuli":6,"minecraft:dirt":54,"minecraft:leather_boots":2,"minecraft:acacia_planks":6,"minecraft:wheat_seeds":23,"apocalypsenow:human_flesh":36,"minecraft:raw_gold":125,"majruszsdifficulty:golden_bandage":19,"minecraft:diamond_helmet":1,"minecraft:glowstone_dust":1,"minecraft:oak_planks":574,"apocalypsenow:brokenoldradio":2,"biomesoplenty:toadstool":4,"minecraft:cooked_porkchop":1,"minecraft:sand":3,"minecraft:fermented_spider_eye":2,"minecraft:mossy_cobblestone":1,"last_of_us:noxioustree":46,"minecraft:dark_oak_log":2,"minecraft:barrel":7,"minecraft:light_gray_concrete":3,"biomesoplenty:willow_log":102,"minecraft:diamond":36,"jeg:custom_smg":1,"minecraft:golden_apple":10,"minecraft:grass":1,"apocalypsenow:dead_cockroach":1,"apocalypsenow:usa_armor_helmet":4,"minecraft:oak_sapling":13,"minecraft:oak_leaves":11,"minecraft:bricks":42,"apocalypsenow:black_concrete_bricks":177,"minecraft:diamond_pickaxe":5,"sophisticatedbackpacks:gold_backpack":6,"minecraft:crafting_table":1,"minecraft:azure_bluet":1,"apocalypsenow:corpsesack":6,"minecraft:chicken":2,"minecraft:leather_leggings":2,"minecraft:wooden_pickaxe":1,"minecraft:gold_block":1,"jeg:scrap_workbench":1,"minecraft:shield":9,"alexsmobs:cooked_catfish":47,"alexsmobs:shed_snake_skin":2,"minecraft:red_bed":5,"minecraft:moss_carpet":2,"minecraft:iron_axe":10,"biomesoplenty:willow_planks":216,"biomesoplenty:black_sand":6,"minecraft:beef":13,"minecraft:oak_boat":2,"minecraft:raw_iron":126,"last_of_us:rags":8,"minecraft:copper_ingot":132,"minecraft:redstone":170,"last_of_us:rock":2,"minecraft:dark_oak_planks":199,"minecraft:diamond_chestplate":1,"apocalypsenow:whisky":1,"biomesoplenty:cattail":1,"biomesoplenty:willow_sapling":32,"cgm:assault_rifle":7,"minecraft:shears":6,"jeg:waterpipe_shotgun":1,"minecraft:gold_ingot":71,"firstaid:bandage":45,"minecraft:brick_stairs":62,"minecraft:mutton":6,"minecraft:white_wool":18,"apocalypsenow:barbed_wire":2,"biomesoplenty:black_sandstone":3,"minecraft:glow_ink_sac":6,"minecraft:leather":16,"alexsmobs:acacia_blossom":2,"minecraft:oak_log":101,"minecraft:chainmail_chestplate":3,"minecraft:gunpowder":216,"minecraft:cobblestone_stairs":6,"biomesoplenty:glowing_moss_carpet":13,"jeg:grenade":27,"chococraft:chocobo_feather":5,"chococraft:gysahl_green":6,"minecraft:iron_ingot":345,"minecraft:cobweb":213,"jeg:double_barrel_shotgun":1,"minecraft:iron_sword":9,"minecraft:acacia_sapling":2,"jeg:tech_trash":26,"minecraft:polished_andesite_stairs":6,"minecraft:dandelion":1,"minecraft:gravel":1,"minecraft:spruce_sapling":3,"chococraft:gysahl_green_seeds":2,"majruszsdifficulty:bandage":51,"minecraft:spruce_log":3,"biomesoplenty:glowing_moss_block":34,"minecraft:spider_eye":7,"minecraft:leather_helmet":2,"minecraft:brick_slab":1,"alexsmobs:raw_catfish":11,"apocalypsenow:papertrash":7,"minecraft:iron_helmet":5,"minecraft:chainmail_leggings":2,"apocalypsenow:italian_bersaglieri_army_chestplate":3,"minecraft:cherry_sapling":49,"cgm:workbench":2,"minecraft:coal":29}},"DataVersion":3465}