{"stats":{"minecraft:killed":{"last_of_us:bloater":12,"minecraft:cave_spider":1,"minecraft:witch":3,"alexsmobs:anaconda":1,"apocalypsenow:crawler_3":3,"apocalypsenow:soldiers_02":1,"minecraft:spider":35,"minecraft:bee":6,"minecraft:chicken":3,"last_of_us:clicker":79,"alexsmobs:centipede_head":3,"minecraft:pig":4,"minecraft:salmon":1,"last_of_us:crawler":24,"minecraft:creeper":176,"last_of_us:stalker":64,"minecraft:sheep":4,"minecraft:trader_llama":1,"minecraft:glow_squid":1,"minecraft:cow":4,"chococraft:chocobo":2,"apocalypsenow:looter_1":20,"alexsmobs:tiger":2,"last_of_us:runner":88,"apocalypsenow:military_02":8,"alexsmobs:raccoon":4,"alexsmobs:seagull":2,"alexsmobs:blue_jay":2,"apocalypsenow:looter_2":2,"alexsmobs:bison":1,"apocalypsenow:military_medic":2,"last_of_us:rat_king":1,"last_of_us:shambler":22,"minecraft:bat":5,"majruszsdifficulty:cursed_armor":1,"alexsmobs:catfish":29,"alexsmobs:cockroach":1,"apocalypsenow:walker_16":4,"alexsmobs:gazelle":2,"apocalypsenow:looter_4":2,"apocalypsenow:crawler_2":1,"alexsmobs:crow":1,"minecraft:enderman":2},"minecraft:used":{"minecraft:chest":2,"minecraft:shield":17,"apocalypsenow:ice":12,"minecraft:iron_sword":942,"minecraft:green_terracotta":1,"apocalypsenow:black_concrete_bricks":47,"majruszsdifficulty:golden_bandage":7,"last_of_us:noxioussack":1,"jeg:custom_smg":35,"minecraft:tuff":3,"jeg:grenade":17,"cgm:shotgun":4,"minecraft:green_wool":17,"apocalypsenow:italian_bersaglieri_army_chestplate":1,"minecraft:furnace":17,"jeg:revolver":13,"cgm:heavy_rifle":411,"apocalypsenow:military_storage":1,"alexsmobs:raw_catfish":1,"minecraft:leather_leggings":1,"minecraft:diamond_boots":1,"minecraft:oak_planks":253,"minecraft:stone_pickaxe":103,"biomesoplenty:willow_planks":269,"minecraft:wooden_pickaxe":11,"minecraft:diamond_axe":6,"minecraft:oak_leaves":6,"minecraft:sand":3,"minecraft:blast_furnace":1,"minecraft:gray_concrete":3,"minecraft:shears":146,"minecraft:light_gray_concrete":3,"minecraft:gravel":1,"cgm:assault_rifle":3894,"apocalypsenow:tactical_knife":1,"minecraft:diamond_sword":16,"minecraft:wooden_sword":43,"minecraft:grindstone":1,"chococraft:gysahl_green":2,"minecraft:smooth_stone_slab":6,"minecraft:oak_boat":1,"apocalypsenow:brokenoldradio":2,"minecraft:cobweb":792,"minecraft:stone_sword":192,"biomesoplenty:glowing_moss_block":34,"apocalypsenow:tank_trap":7,"minecraft:torch":24,"minecraft:anvil":1,"minecraft:dirt":40,"cgm:workbench":4,"minecraft:chainmail_chestplate":1,"minecraft:diamond_helmet":1,"apocalypsenow:wire_fence":28,"biomesoplenty:black_sandstone":3,"minecraft:dark_oak_planks":70,"minecraft:wooden_axe":97,"apocalypsenow:bear_trap":1,"apocalypsenow:barbed_wire":2,"minecraft:iron_axe":475,"minecraft:brick_stairs":6,"minecraft:barrel":2,"minecraft:diamond_chestplate":1,"minecraft:pointed_dripstone":1,"minecraft:cooked_beef":15,"minecraft:cobbled_deepslate":89,"minecraft:acacia_planks":40,"minecraft:iron_leggings":1,"biomesoplenty:black_sand":6,"alexsmobs:cooked_catfish":3,"minecraft:water_bucket":357,"minecraft:cherry_planks":54,"minecraft:green_bed":2,"minecraft:leather_boots":1,"minecraft:crafting_table":11,"minecraft:red_bed":4,"minecraft:diamond_pickaxe":1267,"minecraft:iron_pickaxe":108,"jeg:scrap_workbench":1,"apocalypsenow:corpsesack":6,"minecraft:cobblestone":114,"majruszsdifficulty:bandage":44,"minecraft:cooked_porkchop":2,"minecraft:bucket":357,"apocalypsenow:human_flesh":2,"minecraft:diamond_leggings":1},"minecraft:dropped":{"apocalypsenow:dead_cockroach":1,"minecraft:iron_sword":1,"minecraft:lapis_lazuli":6,"minecraft:cooked_beef":1,"minecraft:oak_log":12,"minecraft:glow_ink_sac":8,"biomesoplenty:willow_sapling":32,"minecraft:crafting_table":1,"minecraft:cooked_porkchop":2,"last_of_us:noxioustree":52,"minecraft:leather":4,"minecraft:leather_helmet":2,"minecraft:flint":5,"sophisticatedbackpacks:gold_backpack":1,"minecraft:cobblestone_stairs":6,"minecraft:dirt":15,"minecraft:red_bed":1,"minecraft:grass":1,"firstaid:bandage":8,"apocalypsenow:papertrash":7,"alexsmobs:cooked_catfish":47,"minecraft:wooden_sword":1,"minecraft:bone_meal":270,"minecraft:dark_oak_planks":69,"minecraft:fermented_spider_eye":1,"alexsmobs:raccoon_tail":2,"minecraft:white_wool":3,"cgm:shell":43,"jeg:tech_trash":6,"minecraft:gravel":3,"biomesoplenty:toadstool":4,"alexsmobs:centipede_leg":2,"last_of_us:noxioussack":12,"cgm:shotgun":2,"apocalypsenow:barbecuestick":1,"minecraft:cobbled_deepslate":99,"minecraft:cherry_sapling":49,"apocalypsenow:granola_bar":1,"minecraft:rotten_flesh":23,"jeg:double_barrel_shotgun":1,"minecraft:oak_planks":5,"minecraft:glowstone_dust":1,"apocalypsenow:bloodybandages":1,"cgm:assault_rifle":10,"minecraft:salmon":1,"apocalypsenow:black_concrete_bricks":107,"biomesoplenty:glowing_moss_carpet":13,"minecraft:chainmail_chestplate":1,"minecraft:poppy":3,"jeg:revolver":1,"cgm:basic_bullet":39,"minecraft:brick_stairs":50,"minecraft:leather_boots":1,"last_of_us:rags":10,"minecraft:acacia_sapling":2,"minecraft:chainmail_boots":2,"majruszsdifficulty:golden_bandage":23,"minecraft:leather_leggings":2,"cgm:heavy_rifle":2,"apocalypsenow:fire_axe":1,"minecraft:glass":47,"apocalypsenow:can_opener":1,"minecraft:oak_leaves":5,"apocalypsenow:human_flesh":42,"minecraft:water_bucket":4,"minecraft:wheat_seeds":22,"minecraft:golden_helmet":1,"minecraft:mossy_cobblestone":1,"minecraft:diamond_leggings":3,"minecraft:lead":1,"minecraft:cobblestone":83,"minecraft:iron_helmet":1,"minecraft:feather":1,"biomesoplenty:cattail":2,"minecraft:amethyst_block":18,"minecraft:granite":24,"chococraft:gysahl_green_seeds":2,"minecraft:coal":1,"alexsmobs:raw_catfish":17,"minecraft:stick":13,"minecraft:cobweb":38,"last_of_us:rock":3,"jeg:custom_smg":1,"minecraft:gray_wool":1,"minecraft:diorite":39,"apocalypsenow:milk":1,"minecraft:wooden_axe":1,"minecraft:cherry_planks":6,"minecraft:diamond_helmet":4,"minecraft:polished_andesite_stairs":6,"jeg:waterpipe_shotgun":1,"biomesoplenty:glowshroom":10,"minecraft:smooth_stone":32,"minecraft:string":14,"minecraft:pink_petals":7,"minecraft:acacia_planks":3,"minecraft:spruce_sapling":3,"minecraft:smooth_basalt":9,"minecraft:furnace":1,"minecraft:bricks":39,"minecraft:moss_carpet":2,"cgm:advanced_bullet":38,"alexsmobs:acacia_blossom":2,"minecraft:stone_sword":1,"chococraft:chocobo_feather":5,"minecraft:green_bed":2,"minecraft:tuff":2,"apocalypsenow:premium_hammer":1,"minecraft:light_gray_concrete":2,"minecraft:shears":1,"alexsmobs:lobster_tail":1,"apocalypsenow:us_army_helmet":1,"minecraft:diamond_chestplate":3,"minecraft:peony":3,"minecraft:iron_chestplate":2,"minecraft:diamond_pickaxe":1,"minecraft:andesite":34,"minecraft:oak_boat":1,"minecraft:oak_sapling":13,"minecraft:spider_eye":12,"minecraft:barrel":4,"minecraft:diamond_boots":1,"minecraft:wooden_pickaxe":2,"minecraft:stone_pickaxe":1,"minecraft:calcite":50,"minecraft:brick_slab":1,"alexsmobs:shed_snake_skin":3,"chococraft:gysahl_green":4},"minecraft:killed_by":{"minecraft:creeper":1,"last_of_us:runner":2,"minecraft:cave_spider":1,"alexsmobs:anaconda":1,"last_of_us:stalker":1,"minecraft:player":12,"last_of_us:clicker":8,"last_of_us:bloater":2},"minecraft:custom":{"minecraft:interact_with_crafting_table":82,"minecraft:open_barrel":63,"minecraft:leave_game":3,"minecraft:time_since_death":73309,"minecraft:damage_resisted":1182,"minecraft:sprint_one_cm":652370,"minecraft:damage_blocked_by_shield":1303,"minecraft:drop":396,"minecraft:play_time":692389,"minecraft:deaths":40,"minecraft:jump":7990,"minecraft:walk_on_water_one_cm":209820,"minecraft:enchant_item":39,"minecraft:interact_with_furnace":166,"minecraft:sleep_in_bed":6,"minecraft:damage_dealt":18497,"minecraft:player_kills":3,"minecraft:crouch_one_cm":138278,"minecraft:interact_with_smoker":3,"minecraft:interact_with_anvil":5,"minecraft:mob_kills":656,"minecraft:climb_one_cm":4646,"minecraft:walk_one_cm":1427120,"minecraft:sneak_time":68137,"minecraft:walk_under_water_one_cm":77343,"minecraft:boat_one_cm":131723,"minecraft:interact_with_blast_furnace":9,"minecraft:total_world_time":692389,"minecraft:interact_with_grindstone":25,"minecraft:time_since_rest":73337,"minecraft:damage_taken":12279,"minecraft:swim_one_cm":75658,"minecraft:fly_one_cm":1039689,"minecraft:open_chest":95,"minecraft:fall_one_cm":177806},"minecraft:broken":{"minecraft:wooden_sword":1,"minecraft:iron_sword":4,"minecraft:wooden_axe":2,"last_of_us:rock":1,"minecraft:stone_sword":2},"minecraft:mined":{"minecraft:dark_oak_planks":1,"biomesoplenty:spanish_moss":2,"minecraft:large_amethyst_bud":5,"biomesoplenty:mossy_black_sand":1,"apocalypsenow:wire_fence":30,"biomesoplenty:glowshroom":2,"minecraft:cherry_log":109,"minecraft:cobblestone_stairs":6,"minecraft:granite":24,"minecraft:budding_amethyst":4,"minecraft:acacia_log":19,"minecraft:grass_block":19,"minecraft:white_concrete":1,"apocalypsenow:bear_trap":1,"minecraft:tall_seagrass":4,"minecraft:iron_ore":37,"minecraft:barrel":5,"minecraft:fire":14,"minecraft:cobbled_deepslate":2,"minecraft:moss_carpet":1,"minecraft:anvil":1,"minecraft:deepslate_lapis_ore":4,"biomesoplenty:glowshroom_block":21,"chococraft:gysahl_green":2,"minecraft:pointed_dripstone":1,"minecraft:small_amethyst_bud":2,"biomesoplenty:webbing":11,"minecraft:light_gray_concrete":8,"minecraft:green_bed":4,"minecraft:deepslate_redstone_ore":3,"minecraft:red_bed":2,"biomesoplenty:glowworm_silk":4,"biomesoplenty:glowing_moss_carpet":3,"minecraft:medium_amethyst_bud":2,"minecraft:amethyst_cluster":6,"apocalypsenow:corpsesack":6,"apocalypsenow:papertrash":2,"biomesoplenty:black_sandstone":3,"minecraft:calcite":52,"minecraft:polished_andesite_stairs":6,"minecraft:mushroom_stem":4,"minecraft:cobblestone":37,"minecraft:oak_planks":89,"minecraft:bricks":41,"minecraft:grindstone":1,"minecraft:amethyst_block":19,"minecraft:deepslate_copper_ore":8,"minecraft:pink_petals":2,"minecraft:seagrass":1,"minecraft:yellow_wool":15,"minecraft:smooth_stone_slab":6,"minecraft:grass":43,"apocalypsenow:beartrapneutral":1,"minecraft:oak_log":107,"minecraft:sand":2,"minecraft:dirt":20,"minecraft:smooth_basalt":9,"apocalypsenow:black_concrete_bricks":103,"apocalypsenow:military_storage":1,"minecraft:deepslate":103,"minecraft:oak_leaves":7,"apocalypsenow:paperstrashvariant_2":1,"biomesoplenty:glowing_moss_block":34,"minecraft:diamond_ore":1,"apocalypsenow:beartrapactivated":1,"minecraft:deepslate_diamond_ore":34,"minecraft:dark_oak_log":2,"biomesoplenty:bush":1,"minecraft:brick_stairs":53,"minecraft:spruce_leaves":9,"apocalypsenow:ice":12,"biomesoplenty:willow_planks":15,"cgm:workbench":2,"minecraft:redstone_ore":6,"minecraft:furnace":9,"biomesoplenty:toadstool":3,"minecraft:andesite":34,"minecraft:green_terracotta":3,"minecraft:deepslate_iron_ore":44,"minecraft:stone":325,"biomesoplenty:spider_egg":1,"minecraft:bone_block":15,"minecraft:white_wool":15,"minecraft:green_wool":163,"minecraft:acacia_leaves":4,"minecraft:gray_concrete":5,"jeg:scrap_ore":25,"minecraft:cherry_planks":11,"biomesoplenty:black_sand":4,"minecraft:crafting_table":1,"minecraft:copper_ore":133,"minecraft:tall_grass":20,"biomesoplenty:willow_log":108,"minecraft:lapis_ore":3,"minecraft:deepslate_gold_ore":45,"minecraft:red_concrete":1,"minecraft:diorite":39,"jeg:deepslate_scrap_ore":20,"jeg:scrap_workbench":1,"minecraft:brick_slab":1,"minecraft:spruce_log":2,"apocalypsenow:tank_trap":7,"minecraft:mangrove_leaves":2,"minecraft:coal_ore":120,"apocalypsenow:paperstrash":1,"minecraft:gravel":3,"apocalypsenow:papersvariant_2":1,"minecraft:cobweb":770,"biomesoplenty:stringy_cobweb":2,"minecraft:acacia_planks":5,"minecraft:gold_ore":9,"minecraft:fern":2},"minecraft:crafted":{"minecraft:black_dye":7,"minecraft:smooth_stone":3,"minecraft:oak_planks":340,"minecraft:cooked_chicken":2,"minecraft:stone":31,"minecraft:glass":47,"minecraft:diamond_helmet":1,"minecraft:repeater":1,"minecraft:iron_boots":2,"minecraft:diamond_leggings":1,"minecraft:chest":5,"alexsmobs:cooked_catfish":64,"cgm:heavy_rifle":1,"sophisticatedbackpacks:backpack":3,"minecraft:cooked_porkchop":8,"minecraft:diamond_axe":1,"minecraft:crafting_table":11,"minecraft:spruce_planks":12,"minecraft:wooden_pickaxe":1,"minecraft:iron_helmet":1,"majruszsdifficulty:bandage":72,"minecraft:copper_ingot":877,"cgm:assault_rifle":1,"minecraft:iron_chestplate":1,"minecraft:diamond_pickaxe":2,"minecraft:shield":2,"sophisticatedbackpacks:diamond_backpack":2,"minecraft:stick":36,"minecraft:iron_pickaxe":1,"minecraft:stone_sword":4,"minecraft:gold_ingot":9,"minecraft:redstone_torch":2,"minecraft:cherry_planks":428,"minecraft:wooden_sword":2,"minecraft:coal":18,"minecraft:iron_nugget":36,"minecraft:blast_furnace":1,"minecraft:furnace":7,"minecraft:bone_meal":135,"minecraft:iron_axe":3,"minecraft:stone_pickaxe":2,"minecraft:diamond_boots":1,"minecraft:dark_oak_planks":8,"cgm:workbench":1,"sophisticatedbackpacks:iron_backpack":2,"minecraft:cooked_beef":13,"minecraft:coal_block":15,"minecraft:diamond_sword":1,"minecraft:iron_sword":7,"sophisticatedbackpacks:gold_backpack":2,"minecraft:bucket":1,"biomesoplenty:willow_planks":408,"minecraft:stone_axe":1,"minecraft:air":0,"minecraft:white_wool":105,"minecraft:wooden_axe":3,"minecraft:iron_leggings":1,"firstaid:bandage":76,"minecraft:acacia_planks":72,"minecraft:torch":32,"minecraft:diamond_chestplate":1},"minecraft:picked_up":{"last_of_us:noxioussack":15,"apocalypsenow:us_army_helmet":1,"minecraft:iron_chestplate":7,"cgm:basic_bullet":5237,"minecraft:chainmail_boots":2,"minecraft:anvil":1,"apocalypsenow:bloodybandages":1,"minecraft:yellow_wool":23,"minecraft:lead":1,"minecraft:enchanted_book":1,"firstaid:morphine":3,"minecraft:amethyst_block":18,"minecraft:string":1004,"minecraft:raw_copper":931,"cgm:long_scope":1,"minecraft:smooth_stone_slab":6,"minecraft:iron_leggings":7,"jeg:revolver":5,"minecraft:diamond_leggings":2,"minecraft:smooth_stone":32,"minecraft:cobbled_deepslate":188,"minecraft:bucket":2,"cgm:short_scope":1,"minecraft:calcite":53,"alexsmobs:raccoon_tail":2,"minecraft:coal_block":8,"cgm:advanced_bullet":728,"minecraft:iron_boots":5,"minecraft:furnace":17,"minecraft:golden_helmet":1,"minecraft:stick":74,"jeg:pistol_ammo":60,"apocalypsenow:tank_trap":7,"minecraft:green_bed":7,"minecraft:torch":2,"minecraft:acacia_log":18,"apocalypsenow:open_canned_carrot":1,"minecraft:porkchop":8,"minecraft:cherry_log":107,"minecraft:pointed_dripstone":1,"minecraft:diorite":39,"alexsmobs:centipede_leg":2,"minecraft:green_terracotta":3,"minecraft:rotten_flesh":30,"minecraft:green_wool":194,"alexsmobs:lobster_tail":2,"minecraft:cobblestone":481,"apocalypsenow:wire_fence":28,"minecraft:pink_petals":7,"minecraft:feather":1,"minecraft:cooked_beef":222,"minecraft:cherry_planks":12,"minecraft:water_bucket":9,"minecraft:andesite":34,"biomesoplenty:glowshroom":10,"minecraft:flint":5,"minecraft:tuff":5,"cgm:heavy_rifle":7,"jeg:scrap":271,"minecraft:gray_concrete":7,"minecraft:lapis_lazuli":225,"minecraft:dirt":60,"minecraft:leather_boots":3,"apocalypsenow:ice":12,"minecraft:acacia_planks":6,"minecraft:wheat_seeds":23,"apocalypsenow:human_flesh":50,"minecraft:raw_gold":153,"majruszsdifficulty:golden_bandage":30,"minecraft:grindstone":1,"minecraft:diamond_helmet":3,"minecraft:glowstone_dust":1,"minecraft:oak_planks":574,"apocalypsenow:brokenoldradio":2,"biomesoplenty:toadstool":4,"minecraft:cooked_porkchop":1,"minecraft:sand":3,"minecraft:ink_sac":7,"minecraft:fermented_spider_eye":2,"minecraft:dark_oak_log":2,"last_of_us:noxioustree":62,"minecraft:barrel":7,"minecraft:mossy_cobblestone":1,"cgm:shell":90,"minecraft:light_gray_concrete":8,"biomesoplenty:willow_log":102,"minecraft:diamond":70,"jeg:custom_smg":1,"minecraft:granite":24,"minecraft:bone_meal":135,"minecraft:grass":1,"minecraft:golden_apple":10,"apocalypsenow:dead_cockroach":1,"apocalypsenow:usa_armor_helmet":5,"minecraft:oak_sapling":13,"apocalypsenow:black_concrete_bricks":181,"minecraft:bricks":42,"minecraft:oak_leaves":11,"minecraft:diamond_pickaxe":7,"sophisticatedbackpacks:gold_backpack":7,"minecraft:crafting_table":2,"minecraft:azure_bluet":1,"minecraft:chicken":2,"apocalypsenow:corpsesack":6,"minecraft:leather_leggings":3,"minecraft:wooden_pickaxe":1,"minecraft:gold_block":1,"jeg:scrap_workbench":1,"minecraft:shield":10,"alexsmobs:cooked_catfish":139,"minecraft:moss_carpet":2,"minecraft:red_bed":6,"alexsmobs:shed_snake_skin":4,"minecraft:iron_axe":11,"cgm:shotgun":3,"biomesoplenty:willow_planks":347,"biomesoplenty:black_sand":6,"minecraft:beef":13,"apocalypsenow:fire_axe":2,"minecraft:oak_boat":2,"minecraft:poppy":3,"minecraft:raw_iron":205,"last_of_us:rags":11,"minecraft:copper_ingot":134,"minecraft:redstone":171,"last_of_us:rock":5,"minecraft:dark_oak_planks":199,"apocalypsenow:whisky":1,"minecraft:diamond_chestplate":2,"biomesoplenty:cattail":2,"minecraft:peony":3,"biomesoplenty:willow_sapling":32,"cgm:assault_rifle":17,"minecraft:shears":7,"minecraft:diamond_boots":1,"jeg:waterpipe_shotgun":1,"minecraft:gold_ingot":71,"firstaid:bandage":79,"minecraft:brick_stairs":62,"minecraft:mutton":6,"minecraft:bone_block":15,"minecraft:white_wool":27,"apocalypsenow:barbed_wire":2,"biomesoplenty:black_sandstone":3,"minecraft:glow_ink_sac":8,"minecraft:salmon":1,"minecraft:leather":16,"alexsmobs:acacia_blossom":2,"minecraft:oak_log":101,"minecraft:chainmail_chestplate":3,"minecraft:gunpowder":370,"minecraft:cobblestone_stairs":6,"biomesoplenty:glowing_moss_carpet":13,"jeg:grenade":50,"chococraft:chocobo_feather":8,"chococraft:gysahl_green":6,"minecraft:iron_ingot":346,"minecraft:cobweb":213,"jeg:double_barrel_shotgun":1,"minecraft:iron_sword":10,"minecraft:acacia_sapling":2,"jeg:tech_trash":31,"minecraft:book":30,"minecraft:polished_andesite_stairs":6,"minecraft:smooth_basalt":9,"apocalypsenow:military_storage":1,"minecraft:dandelion":1,"minecraft:gravel":4,"cgm:specialised_grip":2,"minecraft:amethyst_shard":28,"chococraft:gysahl_green_seeds":2,"minecraft:spruce_sapling":3,"majruszsdifficulty:bandage":54,"minecraft:spruce_log":3,"biomesoplenty:glowing_moss_block":34,"minecraft:spider_eye":12,"minecraft:leather_helmet":3,"minecraft:brick_slab":1,"alexsmobs:raw_catfish":124,"apocalypsenow:papertrash":7,"cgm:tactical_stock":1,"apocalypsenow:bear_trap":2,"minecraft:chainmail_leggings":2,"minecraft:iron_helmet":5,"apocalypsenow:italian_bersaglieri_army_chestplate":4,"minecraft:cherry_sapling":49,"minecraft:gray_wool":4,"cgm:workbench":5,"minecraft:coal":260}},"DataVersion":3465}