{"stats":{"minecraft:killed_by":{"minecraft:creeper":1,"last_of_us:runner":2,"minecraft:cave_spider":1,"alexsmobs:anaconda":1,"last_of_us:stalker":1,"minecraft:player":12,"last_of_us:clicker":9,"last_of_us:bloater":3},"minecraft:used":{"minecraft:chest":2,"minecraft:shield":17,"apocalypsenow:ice":12,"minecraft:iron_sword":1191,"minecraft:green_terracotta":1,"apocalypsenow:black_concrete_bricks":53,"majruszsdifficulty:golden_bandage":12,"last_of_us:noxioussack":1,"jeg:custom_smg":35,"minecraft:tuff":3,"jeg:grenade":17,"cgm:shotgun":17,"minecraft:green_wool":17,"apocalypsenow:italian_bersaglieri_army_chestplate":1,"minecraft:furnace":17,"jeg:revolver":13,"cgm:heavy_rifle":423,"apocalypsenow:military_storage":1,"alexsmobs:raw_catfish":1,"minecraft:leather_leggings":1,"minecraft:diorite":41,"minecraft:diamond_boots":1,"minecraft:oak_planks":255,"minecraft:stone_pickaxe":103,"biomesoplenty:willow_planks":269,"minecraft:wooden_pickaxe":11,"minecraft:diamond_axe":2328,"minecraft:oak_leaves":6,"minecraft:sand":3,"minecraft:blast_furnace":12,"minecraft:gray_concrete":3,"minecraft:black_bed":1,"minecraft:shears":146,"minecraft:light_gray_concrete":6,"minecraft:gravel":1,"cgm:assault_rifle":5157,"apocalypsenow:tactical_knife":1,"minecraft:diamond_sword":55,"minecraft:wooden_sword":43,"minecraft:grindstone":1,"minecraft:andesite":8,"chococraft:gysahl_green":2,"minecraft:smooth_stone_slab":6,"minecraft:oak_boat":1,"apocalypsenow:brokenoldradio":2,"minecraft:cobweb":1040,"minecraft:stone_sword":192,"biomesoplenty:glowing_moss_block":34,"apocalypsenow:tank_trap":7,"minecraft:torch":58,"minecraft:anvil":1,"minecraft:dirt":40,"cgm:workbench":4,"minecraft:chainmail_chestplate":1,"minecraft:diamond_helmet":1,"apocalypsenow:wire_fence":28,"biomesoplenty:black_sandstone":3,"minecraft:dark_oak_planks":70,"minecraft:wooden_axe":97,"apocalypsenow:bear_trap":4,"apocalypsenow:barbed_wire":3,"minecraft:iron_axe":475,"minecraft:brick_stairs":6,"minecraft:barrel":2,"minecraft:diamond_chestplate":1,"minecraft:pointed_dripstone":1,"minecraft:cooked_beef":15,"minecraft:cobbled_deepslate":97,"minecraft:iron_leggings":1,"minecraft:acacia_planks":40,"biomesoplenty:black_sand":6,"alexsmobs:cooked_catfish":12,"minecraft:water_bucket":423,"minecraft:cherry_planks":54,"minecraft:green_bed":2,"minecraft:cobblestone_slab":13,"minecraft:leather_boots":1,"minecraft:crafting_table":12,"minecraft:red_bed":4,"apocalypsenow:radio":7,"minecraft:diamond_pickaxe":2054,"minecraft:iron_pickaxe":108,"jeg:scrap_workbench":2,"apocalypsenow:corpsesack":6,"minecraft:cobblestone":270,"majruszsdifficulty:bandage":45,"minecraft:cooked_porkchop":2,"minecraft:bucket":424,"apocalypsenow:human_flesh":2,"minecraft:diamond_leggings":1},"minecraft:killed":{"last_of_us:bloater":16,"minecraft:cave_spider":1,"minecraft:witch":3,"alexsmobs:anaconda":1,"apocalypsenow:crawler_3":3,"apocalypsenow:soldiers_02":2,"minecraft:spider":36,"minecraft:bee":6,"minecraft:chicken":3,"apocalypsenow:crawler_1":1,"last_of_us:clicker":99,"alexsmobs:centipede_head":3,"minecraft:pig":4,"minecraft:salmon":1,"last_of_us:crawler":26,"minecraft:creeper":185,"last_of_us:stalker":72,"minecraft:sheep":4,"minecraft:trader_llama":2,"alexsmobs:fly":1,"minecraft:glow_squid":2,"chococraft:chocobo":2,"minecraft:cow":4,"apocalypsenow:looter_1":22,"alexsmobs:tiger":2,"last_of_us:runner":93,"apocalypsenow:military_02":9,"alexsmobs:raccoon":4,"alexsmobs:seagull":2,"alexsmobs:blue_jay":2,"apocalypsenow:looter_2":2,"alexsmobs:bison":1,"apocalypsenow:military_medic":3,"last_of_us:rat_king":3,"last_of_us:shambler":25,"minecraft:bat":5,"majruszsdifficulty:cursed_armor":1,"alexsmobs:catfish":29,"alexsmobs:cockroach":1,"apocalypsenow:walker_16":5,"alexsmobs:gazelle":2,"apocalypsenow:looter_4":2,"apocalypsenow:crawler_2":2,"alexsmobs:crow":1,"minecraft:enderman":2},"minecraft:picked_up":{"last_of_us:noxioussack":22,"apocalypsenow:us_army_helmet":1,"minecraft:iron_chestplate":7,"cgm:basic_bullet":7343,"minecraft:chainmail_boots":2,"minecraft:anvil":1,"apocalypsenow:bloodybandages":1,"minecraft:yellow_wool":25,"minecraft:lead":2,"minecraft:enchanted_book":1,"firstaid:morphine":3,"minecraft:amethyst_block":18,"minecraft:string":1252,"minecraft:raw_copper":1524,"minecraft:smooth_stone_slab":6,"cgm:long_scope":1,"minecraft:iron_leggings":7,"jeg:revolver":5,"minecraft:diamond_leggings":2,"minecraft:smooth_stone":32,"minecraft:cobbled_deepslate":197,"minecraft:bucket":2,"cgm:short_scope":1,"minecraft:cobblestone_slab":9,"minecraft:calcite":53,"alexsmobs:raccoon_tail":2,"minecraft:coal_block":32,"cgm:advanced_bullet":1143,"minecraft:iron_boots":5,"minecraft:furnace":23,"minecraft:golden_helmet":1,"minecraft:stick":191,"jeg:pistol_ammo":60,"minecraft:torch":10,"minecraft:green_bed":7,"minecraft:acacia_log":18,"apocalypsenow:tank_trap":7,"apocalypsenow:open_canned_carrot":1,"minecraft:porkchop":8,"minecraft:cherry_log":107,"minecraft:pointed_dripstone":1,"minecraft:diorite":104,"minecraft:green_terracotta":3,"alexsmobs:centipede_leg":2,"minecraft:rotten_flesh":49,"minecraft:green_wool":194,"alexsmobs:lobster_tail":2,"minecraft:cobblestone":804,"minecraft:birch_log":86,"apocalypsenow:wire_fence":30,"minecraft:pink_petals":7,"minecraft:feather":1,"minecraft:cooked_beef":238,"minecraft:cherry_planks":31,"minecraft:water_bucket":9,"minecraft:andesite":88,"biomesoplenty:glowshroom":10,"minecraft:flint":9,"minecraft:tuff":5,"cgm:heavy_rifle":7,"jeg:scrap":353,"minecraft:gray_concrete":7,"minecraft:lapis_lazuli":293,"minecraft:dirt":71,"minecraft:leather_boots":3,"apocalypsenow:ice":12,"minecraft:acacia_planks":6,"apocalypsenow:human_flesh":51,"minecraft:wheat_seeds":25,"minecraft:raw_gold":166,"majruszsdifficulty:golden_bandage":30,"minecraft:grindstone":1,"minecraft:diamond_helmet":3,"minecraft:glowstone_dust":1,"minecraft:oak_planks":582,"apocalypsenow:brokenoldradio":2,"biomesoplenty:toadstool":4,"minecraft:cooked_porkchop":1,"minecraft:sand":3,"minecraft:ink_sac":31,"minecraft:fermented_spider_eye":2,"minecraft:dark_oak_log":2,"last_of_us:noxioustree":76,"minecraft:barrel":9,"minecraft:mossy_cobblestone":1,"cgm:shell":90,"minecraft:light_gray_concrete":11,"biomesoplenty:willow_log":102,"minecraft:diamond":70,"jeg:custom_smg":1,"minecraft:granite":49,"minecraft:grass":1,"minecraft:bone_meal":135,"minecraft:golden_apple":10,"alexsmobs:maggot":1,"apocalypsenow:dead_cockroach":1,"apocalypsenow:usa_armor_helmet":5,"minecraft:oak_sapling":186,"minecraft:bricks":42,"apocalypsenow:black_concrete_bricks":187,"minecraft:oak_leaves":11,"minecraft:diamond_pickaxe":7,"sophisticatedbackpacks:gold_backpack":7,"minecraft:crafting_table":3,"minecraft:azure_bluet":1,"apocalypsenow:corpsesack":6,"minecraft:chicken":2,"minecraft:leather_leggings":3,"minecraft:wooden_pickaxe":1,"minecraft:gold_block":1,"jeg:scrap_workbench":1,"minecraft:shield":10,"alexsmobs:cooked_catfish":139,"minecraft:moss_carpet":2,"alexsmobs:shed_snake_skin":4,"minecraft:red_bed":6,"minecraft:iron_axe":11,"cgm:shotgun":3,"biomesoplenty:willow_planks":348,"biomesoplenty:black_sand":6,"minecraft:beef":13,"apocalypsenow:fire_axe":2,"minecraft:oak_boat":2,"minecraft:poppy":3,"minecraft:birch_sapling":35,"minecraft:raw_iron":295,"last_of_us:rags":13,"minecraft:copper_ingot":134,"minecraft:redstone":183,"last_of_us:rock":8,"minecraft:dark_oak_planks":199,"jeg:circuit_board":1,"apocalypsenow:whisky":1,"minecraft:diamond_chestplate":2,"biomesoplenty:cattail":2,"biomesoplenty:willow_sapling":32,"minecraft:peony":3,"cgm:assault_rifle":17,"minecraft:shears":7,"minecraft:diamond_boots":1,"jeg:waterpipe_shotgun":1,"minecraft:gold_ingot":99,"firstaid:bandage":79,"minecraft:brick_stairs":62,"minecraft:mutton":6,"minecraft:white_wool":27,"apocalypsenow:suturekit":2,"apocalypsenow:barbed_wire":4,"minecraft:bone_block":15,"biomesoplenty:black_sandstone":3,"minecraft:glow_ink_sac":8,"minecraft:salmon":1,"minecraft:leather":16,"alexsmobs:acacia_blossom":2,"minecraft:oak_log":1486,"minecraft:chainmail_chestplate":3,"minecraft:gunpowder":426,"minecraft:cobblestone_stairs":6,"biomesoplenty:glowing_moss_carpet":13,"jeg:grenade":52,"chococraft:chocobo_feather":8,"chococraft:gysahl_green":6,"minecraft:apple":67,"minecraft:iron_ingot":388,"minecraft:cobweb":267,"jeg:double_barrel_shotgun":1,"jeg:tech_trash":50,"minecraft:iron_sword":10,"minecraft:acacia_sapling":2,"minecraft:book":30,"minecraft:polished_andesite_stairs":6,"minecraft:smooth_basalt":9,"apocalypsenow:military_storage":1,"minecraft:dandelion":1,"minecraft:gravel":27,"cgm:specialised_grip":2,"minecraft:amethyst_shard":28,"chococraft:gysahl_green_seeds":2,"minecraft:spruce_sapling":3,"minecraft:blast_furnace":6,"majruszsdifficulty:bandage":54,"minecraft:spruce_log":3,"biomesoplenty:glowing_moss_block":34,"minecraft:spider_eye":12,"minecraft:leather_helmet":3,"minecraft:brick_slab":1,"alexsmobs:raw_catfish":124,"apocalypsenow:papertrash":7,"cgm:tactical_stock":1,"apocalypsenow:bear_trap":4,"apocalypsenow:mo4_gas_mask_helmet":1,"minecraft:chainmail_leggings":2,"minecraft:iron_helmet":5,"apocalypsenow:italian_bersaglieri_army_chestplate":4,"minecraft:cherry_sapling":49,"minecraft:gray_wool":4,"cgm:workbench":5,"minecraft:coal":353},"minecraft:dropped":{"apocalypsenow:dead_cockroach":1,"minecraft:iron_sword":1,"minecraft:lapis_lazuli":6,"minecraft:cooked_beef":1,"minecraft:oak_log":12,"minecraft:glow_ink_sac":8,"biomesoplenty:willow_sapling":32,"minecraft:crafting_table":1,"minecraft:cooked_porkchop":2,"last_of_us:noxioustree":57,"minecraft:leather":4,"minecraft:leather_helmet":2,"minecraft:cobblestone_stairs":6,"sophisticatedbackpacks:gold_backpack":1,"minecraft:flint":9,"minecraft:dirt":16,"minecraft:red_bed":1,"minecraft:grass":1,"firstaid:bandage":8,"apocalypsenow:papertrash":7,"alexsmobs:cooked_catfish":47,"minecraft:wooden_sword":1,"minecraft:bone_meal":270,"minecraft:fermented_spider_eye":1,"minecraft:dark_oak_planks":69,"minecraft:birch_log":86,"alexsmobs:raccoon_tail":2,"minecraft:white_wool":3,"cgm:shell":43,"jeg:tech_trash":7,"minecraft:green_wool":1,"minecraft:gravel":18,"biomesoplenty:toadstool":4,"alexsmobs:centipede_leg":2,"last_of_us:noxioussack":14,"cgm:shotgun":2,"apocalypsenow:barbecuestick":1,"minecraft:cobbled_deepslate":100,"minecraft:birch_sapling":35,"minecraft:yellow_wool":4,"minecraft:cherry_sapling":49,"apocalypsenow:granola_bar":1,"minecraft:rotten_flesh":40,"jeg:double_barrel_shotgun":1,"minecraft:oak_planks":6,"minecraft:glowstone_dust":1,"apocalypsenow:bloodybandages":1,"cgm:assault_rifle":10,"minecraft:salmon":1,"apocalypsenow:black_concrete_bricks":107,"biomesoplenty:glowing_moss_carpet":13,"minecraft:chainmail_chestplate":1,"minecraft:poppy":3,"jeg:revolver":1,"cgm:basic_bullet":103,"minecraft:brick_stairs":50,"minecraft:leather_boots":1,"last_of_us:rags":10,"minecraft:acacia_sapling":2,"minecraft:chainmail_boots":2,"majruszsdifficulty:golden_bandage":23,"minecraft:leather_leggings":2,"apocalypsenow:fire_axe":1,"cgm:heavy_rifle":2,"minecraft:glass":47,"apocalypsenow:can_opener":1,"minecraft:oak_leaves":5,"apocalypsenow:human_flesh":42,"minecraft:water_bucket":5,"minecraft:wheat_seeds":24,"minecraft:golden_helmet":1,"minecraft:mossy_cobblestone":1,"minecraft:diamond_leggings":3,"minecraft:cobblestone":83,"minecraft:iron_helmet":1,"minecraft:feather":1,"minecraft:lead":1,"biomesoplenty:cattail":2,"minecraft:amethyst_block":18,"minecraft:granite":24,"chococraft:gysahl_green_seeds":2,"minecraft:coal":5,"alexsmobs:raw_catfish":17,"minecraft:stick":130,"minecraft:cobweb":92,"last_of_us:rock":3,"jeg:custom_smg":1,"minecraft:gray_wool":1,"minecraft:diorite":39,"apocalypsenow:milk":1,"minecraft:wooden_axe":1,"minecraft:cherry_planks":44,"minecraft:diamond_helmet":4,"minecraft:polished_andesite_stairs":6,"jeg:waterpipe_shotgun":1,"biomesoplenty:glowshroom":10,"minecraft:smooth_stone":32,"minecraft:string":14,"minecraft:pink_petals":7,"minecraft:acacia_planks":3,"minecraft:spruce_sapling":3,"minecraft:smooth_basalt":9,"minecraft:furnace":3,"minecraft:bricks":39,"minecraft:moss_carpet":2,"cgm:advanced_bullet":38,"alexsmobs:maggot":1,"alexsmobs:acacia_blossom":2,"minecraft:stone_sword":1,"chococraft:chocobo_feather":5,"minecraft:green_bed":2,"minecraft:tuff":2,"apocalypsenow:mo4_gas_mask_helmet":1,"apocalypsenow:premium_hammer":1,"minecraft:light_gray_concrete":2,"minecraft:shears":1,"alexsmobs:lobster_tail":1,"apocalypsenow:us_army_helmet":1,"minecraft:diamond_chestplate":3,"minecraft:peony":3,"minecraft:diamond_pickaxe":1,"minecraft:iron_chestplate":2,"minecraft:andesite":34,"minecraft:oak_boat":1,"minecraft:oak_sapling":122,"minecraft:barrel":6,"minecraft:spider_eye":12,"minecraft:diamond_boots":1,"minecraft:wooden_pickaxe":2,"minecraft:stone_pickaxe":1,"minecraft:calcite":50,"minecraft:brick_slab":1,"alexsmobs:shed_snake_skin":3,"chococraft:gysahl_green":4},"minecraft:mined":{"minecraft:dark_oak_planks":1,"biomesoplenty:spanish_moss":2,"minecraft:large_amethyst_bud":5,"biomesoplenty:mossy_black_sand":1,"apocalypsenow:wire_fence":32,"biomesoplenty:glowshroom":2,"minecraft:cherry_log":109,"minecraft:cobblestone_stairs":6,"minecraft:granite":49,"minecraft:budding_amethyst":4,"minecraft:acacia_log":101,"minecraft:grass_block":24,"minecraft:white_concrete":1,"apocalypsenow:bear_trap":2,"minecraft:tall_seagrass":4,"minecraft:iron_ore":88,"minecraft:barrel":7,"minecraft:fire":22,"minecraft:cobbled_deepslate":2,"minecraft:moss_carpet":1,"minecraft:anvil":1,"minecraft:deepslate_lapis_ore":6,"biomesoplenty:glowshroom_block":21,"chococraft:gysahl_green":2,"minecraft:pointed_dripstone":1,"minecraft:small_amethyst_bud":2,"biomesoplenty:webbing":11,"minecraft:light_gray_concrete":13,"minecraft:green_bed":4,"minecraft:deepslate_redstone_ore":4,"minecraft:red_bed":2,"biomesoplenty:glowworm_silk":4,"biomesoplenty:glowing_moss_carpet":3,"minecraft:medium_amethyst_bud":2,"minecraft:amethyst_cluster":6,"minecraft:torch":3,"apocalypsenow:corpsesack":6,"apocalypsenow:papertrash":2,"biomesoplenty:black_sandstone":3,"minecraft:blast_furnace":6,"minecraft:calcite":52,"minecraft:polished_andesite_stairs":6,"minecraft:mushroom_stem":4,"minecraft:cobblestone":66,"minecraft:oak_planks":97,"minecraft:bricks":41,"minecraft:grindstone":1,"minecraft:wall_torch":4,"minecraft:amethyst_block":19,"minecraft:deepslate_copper_ore":10,"minecraft:pink_petals":2,"minecraft:seagrass":1,"minecraft:yellow_wool":15,"minecraft:birch_log":382,"minecraft:smooth_stone_slab":6,"minecraft:grass":81,"apocalypsenow:beartrapneutral":2,"minecraft:oak_log":1540,"minecraft:sand":2,"minecraft:dirt":26,"minecraft:smooth_basalt":9,"apocalypsenow:black_concrete_bricks":109,"apocalypsenow:military_storage":1,"minecraft:deepslate":112,"minecraft:oak_leaves":54,"apocalypsenow:paperstrashvariant_2":1,"biomesoplenty:glowing_moss_block":34,"minecraft:diamond_ore":1,"apocalypsenow:beartrapactivated":2,"minecraft:deepslate_diamond_ore":34,"minecraft:dark_oak_log":2,"biomesoplenty:bush":1,"minecraft:brick_stairs":53,"minecraft:spruce_leaves":9,"apocalypsenow:ice":12,"biomesoplenty:willow_planks":16,"cgm:workbench":2,"minecraft:redstone_ore":7,"minecraft:furnace":14,"biomesoplenty:toadstool":3,"minecraft:andesite":88,"minecraft:green_terracotta":3,"minecraft:cobblestone_slab":9,"minecraft:deepslate_iron_ore":46,"minecraft:stone":632,"biomesoplenty:spider_egg":1,"minecraft:bone_block":15,"minecraft:white_wool":15,"minecraft:green_wool":163,"minecraft:acacia_leaves":4,"minecraft:gray_concrete":5,"jeg:scrap_ore":46,"minecraft:cherry_planks":30,"minecraft:lily_of_the_valley":1,"biomesoplenty:black_sand":4,"minecraft:crafting_table":2,"apocalypsenow:barbed_wire":1,"minecraft:copper_ore":222,"minecraft:tall_grass":20,"biomesoplenty:willow_log":108,"minecraft:lapis_ore":8,"minecraft:deepslate_gold_ore":45,"minecraft:red_concrete":1,"minecraft:diorite":105,"jeg:deepslate_scrap_ore":25,"jeg:scrap_workbench":1,"minecraft:brick_slab":1,"minecraft:birch_leaves":1,"minecraft:spruce_log":2,"apocalypsenow:tank_trap":7,"minecraft:mangrove_leaves":2,"minecraft:coal_ore":173,"apocalypsenow:paperstrash":1,"minecraft:gravel":26,"apocalypsenow:papersvariant_2":1,"minecraft:cobweb":1018,"biomesoplenty:stringy_cobweb":2,"minecraft:acacia_planks":5,"minecraft:gold_ore":15,"minecraft:fern":2},"minecraft:broken":{"minecraft:wooden_sword":1,"minecraft:iron_sword":5,"minecraft:wooden_axe":2,"last_of_us:rock":2,"minecraft:stone_sword":2},"minecraft:custom":{"minecraft:interact_with_crafting_table":98,"minecraft:open_barrel":67,"minecraft:leave_game":4,"minecraft:time_since_death":41366,"minecraft:damage_resisted":1182,"minecraft:sprint_one_cm":850367,"minecraft:damage_blocked_by_shield":1303,"minecraft:drop":438,"minecraft:talked_to_villager":1,"minecraft:play_time":955941,"minecraft:deaths":45,"minecraft:jump":9460,"minecraft:walk_on_water_one_cm":225530,"minecraft:enchant_item":53,"minecraft:interact_with_furnace":167,"minecraft:sleep_in_bed":9,"minecraft:damage_dealt":20737,"minecraft:player_kills":3,"minecraft:crouch_one_cm":163521,"minecraft:interact_with_smoker":3,"minecraft:interact_with_anvil":12,"minecraft:mob_kills":749,"minecraft:climb_one_cm":4658,"minecraft:walk_one_cm":1925623,"minecraft:sneak_time":79059,"minecraft:walk_under_water_one_cm":83698,"minecraft:boat_one_cm":131723,"minecraft:interact_with_blast_furnace":127,"minecraft:total_world_time":955941,"minecraft:interact_with_grindstone":35,"minecraft:time_since_rest":11681,"minecraft:damage_taken":13390,"minecraft:swim_one_cm":84327,"minecraft:fly_one_cm":1167904,"minecraft:open_chest":113,"minecraft:fall_one_cm":198000},"minecraft:crafted":{"minecraft:black_dye":31,"minecraft:smooth_stone":18,"minecraft:oak_planks":340,"minecraft:cobblestone_slab":6,"minecraft:cooked_chicken":2,"minecraft:stone":31,"minecraft:glass":47,"minecraft:iron_boots":2,"minecraft:diamond_helmet":1,"minecraft:repeater":1,"minecraft:diamond_leggings":1,"minecraft:chest":5,"alexsmobs:cooked_catfish":64,"cgm:heavy_rifle":1,"sophisticatedbackpacks:backpack":5,"minecraft:cooked_porkchop":8,"minecraft:diamond_axe":1,"minecraft:crafting_table":11,"minecraft:spruce_planks":12,"minecraft:wooden_pickaxe":1,"minecraft:iron_helmet":1,"majruszsdifficulty:bandage":132,"minecraft:copper_ingot":1470,"cgm:assault_rifle":1,"minecraft:iron_chestplate":1,"minecraft:diamond_pickaxe":2,"minecraft:shield":2,"sophisticatedbackpacks:diamond_backpack":2,"minecraft:stick":48,"minecraft:iron_ingot":794,"minecraft:iron_pickaxe":1,"minecraft:stone_sword":4,"minecraft:gold_ingot":506,"minecraft:redstone_torch":2,"minecraft:cherry_planks":428,"minecraft:wooden_sword":2,"minecraft:raw_iron":666,"minecraft:coal":27,"minecraft:iron_nugget":36,"minecraft:furnace":7,"minecraft:blast_furnace":6,"minecraft:bone_meal":135,"jeg:scrap_workbench":1,"minecraft:iron_axe":3,"minecraft:stone_pickaxe":2,"minecraft:diamond_boots":1,"minecraft:dark_oak_planks":8,"cgm:workbench":1,"sophisticatedbackpacks:iron_backpack":3,"minecraft:cooked_beef":13,"minecraft:coal_block":25,"minecraft:diamond_sword":1,"minecraft:iron_sword":9,"sophisticatedbackpacks:gold_backpack":3,"minecraft:bucket":1,"biomesoplenty:willow_planks":408,"minecraft:stone_axe":1,"minecraft:air":0,"jeg:scrap_block":1,"majruszsdifficulty:golden_bandage":59,"minecraft:white_wool":105,"minecraft:gold_nugget":864,"minecraft:raw_gold":441,"minecraft:wooden_axe":3,"minecraft:iron_leggings":1,"firstaid:bandage":92,"minecraft:acacia_planks":72,"minecraft:torch":64,"minecraft:diamond_chestplate":1}},"DataVersion":3465}