{"stats":{"minecraft:killed":{"last_of_us:bloater":4,"minecraft:cave_spider":1,"minecraft:witch":2,"apocalypsenow:crawler_3":1,"minecraft:spider":14,"minecraft:bee":6,"minecraft:chicken":2,"last_of_us:clicker":35,"minecraft:pig":4,"last_of_us:crawler":10,"minecraft:creeper":38,"last_of_us:stalker":33,"chococraft:chocobo":1,"apocalypsenow:looter_1":2,"alexsmobs:raccoon":3,"alexsmobs:tiger":2,"last_of_us:runner":36,"apocalypsenow:military_02":2,"alexsmobs:bison":1,"apocalypsenow:military_medic":1,"last_of_us:shambler":3,"alexsmobs:catfish":1,"alexsmobs:gazelle":2,"alexsmobs:crow":1},"minecraft:used":{"minecraft:chest":2,"minecraft:shield":15,"minecraft:iron_sword":722,"minecraft:green_terracotta":1,"apocalypsenow:black_concrete_bricks":43,"last_of_us:noxioussack":1,"majruszsdifficulty:golden_bandage":7,"minecraft:tuff":3,"jeg:grenade":6,"minecraft:green_wool":17,"apocalypsenow:italian_bersaglieri_army_chestplate":1,"minecraft:furnace":5,"jeg:revolver":13,"cgm:heavy_rifle":61,"alexsmobs:raw_catfish":1,"minecraft:leather_leggings":1,"minecraft:oak_planks":138,"minecraft:stone_pickaxe":103,"biomesoplenty:willow_planks":19,"minecraft:wooden_pickaxe":11,"minecraft:oak_leaves":6,"minecraft:sand":3,"minecraft:gray_concrete":3,"minecraft:shears":76,"minecraft:gravel":1,"cgm:assault_rifle":1288,"apocalypsenow:tactical_knife":1,"minecraft:wooden_sword":43,"minecraft:smooth_stone_slab":6,"chococraft:gysahl_green":2,"minecraft:oak_boat":1,"apocalypsenow:brokenoldradio":1,"minecraft:cobweb":792,"minecraft:stone_sword":192,"biomesoplenty:glowing_moss_block":34,"apocalypsenow:tank_trap":7,"minecraft:torch":2,"minecraft:dirt":40,"cgm:workbench":1,"minecraft:chainmail_chestplate":1,"apocalypsenow:wire_fence":28,"biomesoplenty:black_sandstone":3,"minecraft:dark_oak_planks":70,"minecraft:wooden_axe":97,"apocalypsenow:barbed_wire":2,"minecraft:iron_axe":454,"minecraft:brick_stairs":6,"minecraft:barrel":2,"minecraft:cooked_beef":7,"minecraft:acacia_planks":40,"minecraft:cobbled_deepslate":23,"minecraft:iron_leggings":1,"biomesoplenty:black_sand":6,"minecraft:water_bucket":11,"minecraft:green_bed":2,"minecraft:leather_boots":1,"minecraft:crafting_table":9,"minecraft:red_bed":3,"minecraft:diamond_pickaxe":307,"minecraft:iron_pickaxe":108,"jeg:scrap_workbench":1,"apocalypsenow:corpsesack":6,"minecraft:cobblestone":6,"minecraft:cooked_porkchop":1,"majruszsdifficulty:bandage":32,"minecraft:bucket":12,"apocalypsenow:human_flesh":2},"minecraft:dropped":{"minecraft:lapis_lazuli":6,"minecraft:oak_log":4,"biomesoplenty:willow_sapling":30,"minecraft:cooked_porkchop":1,"last_of_us:noxioustree":25,"minecraft:leather":4,"minecraft:leather_helmet":1,"minecraft:flint":5,"minecraft:dirt":9,"minecraft:grass":1,"apocalypsenow:papertrash":7,"minecraft:wooden_sword":1,"minecraft:dark_oak_planks":69,"alexsmobs:raccoon_tail":2,"minecraft:white_wool":3,"biomesoplenty:toadstool":4,"last_of_us:noxioussack":4,"minecraft:cobbled_deepslate":5,"minecraft:cherry_sapling":43,"minecraft:rotten_flesh":10,"apocalypsenow:bloodybandages":1,"apocalypsenow:black_concrete_bricks":107,"biomesoplenty:glowing_moss_carpet":13,"minecraft:chainmail_chestplate":1,"jeg:revolver":1,"cgm:basic_bullet":39,"last_of_us:rags":6,"minecraft:acacia_sapling":2,"minecraft:chainmail_boots":2,"minecraft:leather_leggings":1,"minecraft:oak_leaves":5,"apocalypsenow:human_flesh":28,"minecraft:wheat_seeds":17,"minecraft:mossy_cobblestone":1,"minecraft:feather":1,"minecraft:iron_helmet":1,"minecraft:cobblestone":14,"chococraft:gysahl_green_seeds":2,"minecraft:coal":1,"minecraft:stick":10,"minecraft:cobweb":38,"minecraft:diorite":5,"minecraft:wooden_axe":1,"jeg:waterpipe_shotgun":1,"biomesoplenty:glowshroom":10,"minecraft:string":4,"minecraft:pink_petals":7,"minecraft:spruce_sapling":2,"minecraft:moss_carpet":2,"cgm:advanced_bullet":32,"alexsmobs:acacia_blossom":2,"minecraft:stone_sword":1,"chococraft:chocobo_feather":2,"minecraft:green_bed":2,"minecraft:iron_chestplate":2,"minecraft:oak_sapling":13,"minecraft:barrel":4,"minecraft:spider_eye":5,"minecraft:stone_pickaxe":1,"minecraft:wooden_pickaxe":2,"minecraft:calcite":1,"chococraft:gysahl_green":4},"minecraft:killed_by":{"minecraft:creeper":1,"last_of_us:runner":2,"minecraft:cave_spider":1,"last_of_us:stalker":1,"minecraft:player":2,"last_of_us:clicker":7,"last_of_us:bloater":1},"minecraft:custom":{"minecraft:interact_with_crafting_table":43,"minecraft:open_barrel":52,"minecraft:leave_game":1,"minecraft:time_since_death":28217,"minecraft:damage_resisted":265,"minecraft:sprint_one_cm":294265,"minecraft:damage_blocked_by_shield":1200,"minecraft:drop":151,"minecraft:play_time":302467,"minecraft:deaths":21,"minecraft:jump":3071,"minecraft:walk_on_water_one_cm":26917,"minecraft:interact_with_furnace":29,"minecraft:sleep_in_bed":4,"minecraft:damage_dealt":8928,"minecraft:crouch_one_cm":55633,"minecraft:interact_with_smoker":2,"minecraft:mob_kills":208,"minecraft:walk_one_cm":663832,"minecraft:sneak_time":29969,"minecraft:walk_under_water_one_cm":10703,"minecraft:boat_one_cm":131723,"minecraft:total_world_time":302467,"minecraft:time_since_rest":28244,"minecraft:damage_taken":5862,"minecraft:swim_one_cm":24458,"minecraft:fly_one_cm":425416,"minecraft:open_chest":38,"minecraft:fall_one_cm":76797},"minecraft:broken":{"minecraft:wooden_sword":1,"minecraft:iron_sword":4,"minecraft:wooden_axe":2,"minecraft:stone_sword":2},"minecraft:mined":{"minecraft:dark_oak_planks":1,"biomesoplenty:mossy_black_sand":1,"apocalypsenow:wire_fence":30,"biomesoplenty:glowshroom":2,"minecraft:cobblestone_stairs":6,"minecraft:cherry_log":109,"minecraft:acacia_log":19,"minecraft:grass_block":19,"minecraft:iron_ore":1,"minecraft:barrel":5,"minecraft:moss_carpet":1,"minecraft:deepslate_lapis_ore":1,"chococraft:gysahl_green":2,"biomesoplenty:glowshroom_block":21,"biomesoplenty:webbing":11,"minecraft:light_gray_concrete":3,"minecraft:green_bed":4,"minecraft:deepslate_redstone_ore":3,"minecraft:red_bed":1,"biomesoplenty:glowing_moss_carpet":3,"biomesoplenty:glowworm_silk":4,"apocalypsenow:corpsesack":6,"apocalypsenow:papertrash":2,"biomesoplenty:black_sandstone":3,"minecraft:calcite":34,"minecraft:polished_andesite_stairs":6,"minecraft:mushroom_stem":4,"minecraft:cobblestone":16,"minecraft:oak_planks":86,"minecraft:bricks":41,"minecraft:deepslate_copper_ore":1,"minecraft:pink_petals":2,"minecraft:smooth_stone_slab":6,"minecraft:grass":43,"minecraft:oak_log":107,"minecraft:sand":2,"minecraft:dirt":14,"apocalypsenow:black_concrete_bricks":99,"minecraft:oak_leaves":6,"minecraft:deepslate":23,"apocalypsenow:paperstrashvariant_2":1,"biomesoplenty:glowing_moss_block":34,"minecraft:deepslate_diamond_ore":2,"minecraft:dark_oak_log":2,"biomesoplenty:bush":1,"minecraft:brick_stairs":53,"minecraft:spruce_leaves":2,"biomesoplenty:willow_planks":6,"minecraft:redstone_ore":6,"biomesoplenty:toadstool":3,"minecraft:green_terracotta":3,"minecraft:deepslate_iron_ore":13,"biomesoplenty:spider_egg":1,"minecraft:stone":103,"minecraft:green_wool":123,"minecraft:acacia_leaves":4,"minecraft:gray_concrete":5,"jeg:scrap_ore":4,"biomesoplenty:black_sand":4,"minecraft:tall_grass":20,"minecraft:copper_ore":1,"minecraft:deepslate_gold_ore":18,"biomesoplenty:willow_log":108,"minecraft:diorite":5,"jeg:deepslate_scrap_ore":18,"jeg:scrap_workbench":1,"minecraft:brick_slab":1,"minecraft:spruce_log":2,"apocalypsenow:tank_trap":7,"minecraft:coal_ore":1,"apocalypsenow:paperstrash":1,"apocalypsenow:papersvariant_2":1,"minecraft:gravel":1,"biomesoplenty:stringy_cobweb":2,"minecraft:cobweb":762,"minecraft:acacia_planks":5,"minecraft:gold_ore":7,"minecraft:fern":1},"minecraft:crafted":{"minecraft:oak_planks":340,"minecraft:cooked_chicken":2,"minecraft:glass":47,"minecraft:iron_boots":2,"minecraft:chest":3,"sophisticatedbackpacks:backpack":1,"minecraft:cooked_porkchop":8,"minecraft:crafting_table":9,"minecraft:spruce_planks":12,"minecraft:iron_helmet":1,"minecraft:wooden_pickaxe":1,"majruszsdifficulty:bandage":72,"minecraft:copper_ingot":10,"minecraft:iron_chestplate":1,"minecraft:diamond_pickaxe":1,"minecraft:shield":1,"minecraft:stick":20,"minecraft:iron_pickaxe":1,"minecraft:stone_sword":4,"minecraft:gold_ingot":9,"minecraft:wooden_sword":2,"minecraft:iron_axe":2,"minecraft:stone_pickaxe":2,"minecraft:dark_oak_planks":8,"cgm:workbench":1,"sophisticatedbackpacks:iron_backpack":1,"minecraft:iron_sword":6,"sophisticatedbackpacks:gold_backpack":1,"minecraft:bucket":1,"biomesoplenty:willow_planks":408,"minecraft:stone_axe":1,"minecraft:air":0,"minecraft:white_wool":105,"minecraft:wooden_axe":3,"firstaid:bandage":69,"minecraft:iron_leggings":1,"minecraft:acacia_planks":72},"minecraft:picked_up":{"last_of_us:noxioussack":6,"minecraft:iron_chestplate":7,"cgm:basic_bullet":2613,"minecraft:chainmail_boots":2,"apocalypsenow:bloodybandages":1,"firstaid:morphine":3,"minecraft:string":976,"minecraft:raw_copper":6,"minecraft:smooth_stone_slab":6,"minecraft:iron_leggings":7,"jeg:revolver":5,"minecraft:cobbled_deepslate":28,"minecraft:bucket":2,"minecraft:calcite":34,"alexsmobs:raccoon_tail":2,"cgm:advanced_bullet":302,"minecraft:furnace":5,"minecraft:iron_boots":3,"minecraft:stick":73,"jeg:pistol_ammo":25,"minecraft:acacia_log":18,"minecraft:torch":2,"minecraft:green_bed":7,"apocalypsenow:tank_trap":7,"minecraft:porkchop":8,"minecraft:cherry_log":107,"minecraft:diorite":5,"minecraft:green_terracotta":3,"minecraft:rotten_flesh":11,"minecraft:green_wool":154,"minecraft:cobblestone":123,"apocalypsenow:wire_fence":28,"minecraft:pink_petals":7,"minecraft:cooked_beef":104,"minecraft:feather":1,"minecraft:water_bucket":2,"biomesoplenty:glowshroom":10,"minecraft:flint":5,"minecraft:tuff":3,"jeg:scrap":229,"cgm:heavy_rifle":3,"minecraft:gray_concrete":7,"minecraft:lapis_lazuli":6,"minecraft:dirt":54,"minecraft:leather_boots":2,"minecraft:acacia_planks":3,"minecraft:wheat_seeds":17,"apocalypsenow:human_flesh":36,"minecraft:raw_gold":125,"majruszsdifficulty:golden_bandage":7,"minecraft:oak_planks":571,"apocalypsenow:brokenoldradio":1,"biomesoplenty:toadstool":4,"minecraft:cooked_porkchop":1,"minecraft:sand":3,"minecraft:fermented_spider_eye":1,"minecraft:mossy_cobblestone":1,"last_of_us:noxioustree":30,"minecraft:dark_oak_log":2,"minecraft:barrel":7,"minecraft:light_gray_concrete":3,"biomesoplenty:willow_log":102,"minecraft:diamond":36,"minecraft:golden_apple":10,"minecraft:grass":1,"apocalypsenow:usa_armor_helmet":3,"minecraft:oak_sapling":13,"minecraft:oak_leaves":11,"minecraft:bricks":42,"apocalypsenow:black_concrete_bricks":177,"minecraft:diamond_pickaxe":4,"sophisticatedbackpacks:gold_backpack":4,"apocalypsenow:corpsesack":6,"minecraft:chicken":2,"minecraft:leather_leggings":2,"minecraft:wooden_pickaxe":1,"minecraft:gold_block":1,"jeg:scrap_workbench":1,"minecraft:shield":8,"minecraft:red_bed":4,"minecraft:moss_carpet":2,"minecraft:iron_axe":9,"biomesoplenty:willow_planks":2,"biomesoplenty:black_sand":6,"minecraft:oak_boat":1,"minecraft:raw_iron":126,"last_of_us:rags":6,"minecraft:copper_ingot":132,"minecraft:redstone":170,"minecraft:dark_oak_planks":199,"apocalypsenow:whisky":1,"biomesoplenty:willow_sapling":30,"cgm:assault_rifle":5,"minecraft:shears":4,"jeg:waterpipe_shotgun":1,"minecraft:gold_ingot":71,"firstaid:bandage":21,"minecraft:brick_stairs":62,"apocalypsenow:barbed_wire":2,"biomesoplenty:black_sandstone":3,"minecraft:leather":8,"alexsmobs:acacia_blossom":2,"minecraft:oak_log":101,"minecraft:chainmail_chestplate":3,"minecraft:gunpowder":200,"minecraft:cobblestone_stairs":6,"biomesoplenty:glowing_moss_carpet":13,"jeg:grenade":15,"chococraft:chocobo_feather":5,"chococraft:gysahl_green":6,"minecraft:iron_ingot":345,"minecraft:cobweb":213,"minecraft:iron_sword":8,"minecraft:acacia_sapling":2,"jeg:tech_trash":25,"minecraft:polished_andesite_stairs":6,"minecraft:gravel":1,"minecraft:spruce_sapling":2,"chococraft:gysahl_green_seeds":2,"majruszsdifficulty:bandage":46,"minecraft:spruce_log":3,"biomesoplenty:glowing_moss_block":34,"minecraft:spider_eye":5,"minecraft:leather_helmet":2,"minecraft:brick_slab":1,"alexsmobs:raw_catfish":11,"apocalypsenow:papertrash":7,"minecraft:iron_helmet":5,"minecraft:chainmail_leggings":2,"apocalypsenow:italian_bersaglieri_army_chestplate":2,"minecraft:cherry_sapling":43,"cgm:workbench":2,"minecraft:coal":29}},"DataVersion":3465}