{"stats":{"minecraft:killed_by":{"last_of_us:stalker":1,"last_of_us:clicker":9,"minecraft:creeper":1,"last_of_us:runner":2,"minecraft:cave_spider":1,"alexsmobs:anaconda":1,"minecraft:player":12,"last_of_us:bloater":3},"minecraft:used":{"minecraft:chest":2,"minecraft:lily_of_the_valley":4,"apocalypsenow:black_concrete_bricks":54,"last_of_us:noxioussack":1,"majruszsdifficulty:golden_bandage":34,"cgm:shotgun":17,"minecraft:furnace":17,"apocalypsenow:military_storage":1,"minecraft:diorite":41,"minecraft:leather_leggings":1,"minecraft:wooden_pickaxe":11,"minecraft:oak_leaves":6,"minecraft:sand":3,"minecraft:blast_furnace":12,"minecraft:gray_concrete":3,"cgm:assault_rifle":6208,"minecraft:diamond_sword":93,"minecraft:wooden_sword":43,"minecraft:oak_boat":1,"apocalypsenow:brokenoldradio":2,"minecraft:stone_sword":192,"apocalypsenow:tank_trap":7,"minecraft:torch":58,"minecraft:anvil":1,"minecraft:chainmail_chestplate":1,"apocalypsenow:wire_fence":28,"apocalypsenow:barbed_wire":3,"apocalypsenow:bear_trap":4,"minecraft:iron_axe":475,"minecraft:brick_stairs":6,"minecraft:barrel":2,"minecraft:diamond_chestplate":1,"minecraft:acacia_planks":40,"minecraft:cobbled_deepslate":97,"minecraft:pointed_dripstone":1,"minecraft:water_bucket":463,"alexsmobs:cooked_catfish":27,"minecraft:cherry_planks":70,"minecraft:leather_boots":1,"minecraft:oak_slab":7875,"minecraft:crafting_table":13,"minecraft:red_bed":5,"apocalypsenow:radio":7,"minecraft:diamond_pickaxe":2413,"minecraft:iron_pickaxe":108,"jeg:scrap_workbench":2,"minecraft:cobblestone":422,"minecraft:cooked_porkchop":2,"minecraft:diamond_leggings":1,"minecraft:shield":17,"minecraft:iron_sword":1191,"apocalypsenow:ice":12,"minecraft:green_terracotta":1,"jeg:custom_smg":35,"minecraft:tuff":3,"jeg:grenade":17,"apocalypsenow:executioners_sword":37,"minecraft:green_wool":17,"apocalypsenow:italian_bersaglieri_army_chestplate":1,"jeg:revolver":13,"cgm:heavy_rifle":538,"alexsmobs:raw_catfish":1,"minecraft:diamond_boots":1,"minecraft:stone_pickaxe":103,"biomesoplenty:willow_planks":269,"minecraft:oak_planks":258,"minecraft:ender_pearl":1,"minecraft:diamond_axe":2586,"minecraft:black_bed":1,"minecraft:shears":146,"minecraft:light_gray_concrete":6,"minecraft:gravel":1,"apocalypsenow:tactical_knife":1,"minecraft:grindstone":1,"minecraft:andesite":8,"minecraft:smooth_stone_slab":6,"chococraft:gysahl_green":2,"minecraft:cobweb":1040,"biomesoplenty:glowing_moss_block":34,"minecraft:dirt":65,"cgm:workbench":4,"minecraft:diamond_helmet":1,"biomesoplenty:black_sandstone":3,"minecraft:wooden_axe":97,"minecraft:dark_oak_planks":70,"minecraft:cooked_beef":15,"minecraft:iron_leggings":1,"biomesoplenty:black_sand":6,"minecraft:green_bed":3,"minecraft:cobblestone_slab":13,"apocalypsenow:corpsesack":6,"majruszsdifficulty:bandage":45,"minecraft:bucket":464,"apocalypsenow:human_flesh":2},"minecraft:killed":{"minecraft:cave_spider":1,"minecraft:chicken":3,"last_of_us:clicker":119,"alexsmobs:centipede_head":3,"minecraft:salmon":1,"last_of_us:crawler":38,"last_of_us:stalker":80,"minecraft:glow_squid":2,"minecraft:cow":4,"chococraft:chocobo":2,"last_of_us:runner":127,"alexsmobs:raccoon":4,"alexsmobs:seagull":2,"apocalypsenow:looter_2":2,"apocalypsenow:military_medic":3,"last_of_us:rat_king":3,"majruszsdifficulty:cursed_armor":1,"alexsmobs:catfish":29,"apocalypsenow:walker_16":5,"apocalypsenow:looter_4":2,"apocalypsenow:crawler_2":2,"minecraft:enderman":4,"last_of_us:bloater":26,"minecraft:witch":3,"alexsmobs:anaconda":1,"apocalypsenow:crawler_3":3,"apocalypsenow:soldiers_02":2,"minecraft:spider":44,"minecraft:bee":6,"apocalypsenow:crawler_1":1,"minecraft:pig":4,"minecraft:creeper":209,"minecraft:sheep":7,"minecraft:trader_llama":4,"alexsmobs:fly":4,"apocalypsenow:looter_1":22,"alexsmobs:tiger":2,"apocalypsenow:military_02":10,"alexsmobs:blue_jay":2,"alexsmobs:bison":1,"last_of_us:shambler":28,"minecraft:bat":5,"alexsmobs:cockroach":1,"alexsmobs:gazelle":2,"alexsmobs:crow":2},"minecraft:picked_up":{"minecraft:iron_chestplate":9,"cgm:basic_bullet":9135,"minecraft:chainmail_boots":2,"minecraft:anvil":1,"minecraft:lead":5,"minecraft:diamond_sword":1,"minecraft:enchanted_book":3,"minecraft:amethyst_block":18,"apocalypsenow:sawi":1,"minecraft:string":1258,"cgm:long_scope":1,"minecraft:diamond_leggings":2,"minecraft:cobbled_deepslate":197,"minecraft:coal_block":56,"cgm:advanced_bullet":1516,"minecraft:golden_helmet":1,"minecraft:green_bed":8,"minecraft:acacia_log":18,"apocalypsenow:open_canned_carrot":1,"minecraft:cherry_log":107,"apocalypsenow:glassbottle":2,"alexsmobs:centipede_leg":2,"minecraft:green_terracotta":3,"minecraft:black_dye":27,"alexsmobs:lobster_tail":2,"minecraft:birch_log":86,"minecraft:feather":2,"minecraft:cooked_beef":334,"minecraft:water_bucket":9,"minecraft:smoker":1,"minecraft:flint":9,"jeg:scrap":353,"minecraft:gray_concrete":7,"apocalypsenow:ice":12,"apocalypsenow:human_flesh":51,"majruszsdifficulty:golden_bandage":95,"minecraft:diamond_helmet":3,"minecraft:glowstone_dust":1,"apocalypsenow:red_football_armor_helmet":1,"sophisticatedbackpacks:iron_backpack":1,"minecraft:ink_sac":31,"minecraft:fermented_spider_eye":3,"minecraft:barrel":13,"minecraft:dark_oak_log":2,"biomesoplenty:willow_log":102,"minecraft:granite":49,"alexsmobs:maggot":1,"minecraft:bricks":106,"apocalypsenow:black_concrete_bricks":188,"minecraft:diamond_pickaxe":7,"sophisticatedbackpacks:gold_backpack":7,"minecraft:crafting_table":4,"minecraft:leather_leggings":3,"alexsmobs:cooked_catfish":203,"minecraft:red_bed":7,"cgm:shotgun":4,"minecraft:beef":13,"minecraft:poppy":4,"minecraft:birch_sapling":35,"last_of_us:rags":16,"minecraft:oak_door":2,"minecraft:redstone":183,"last_of_us:rock":15,"jeg:circuit_board":2,"minecraft:diamond_chestplate":2,"minecraft:peony":3,"minecraft:shears":7,"minecraft:diamond_boots":1,"jeg:waterpipe_shotgun":1,"minecraft:gold_ingot":99,"firstaid:bandage":79,"minecraft:mutton":9,"minecraft:bone_block":15,"apocalypsenow:suturekit":4,"minecraft:white_wool":29,"biomesoplenty:black_sandstone":3,"apocalypsenow:vitamins":1,"alexsmobs:acacia_blossom":2,"minecraft:oak_log":1582,"biomesoplenty:glowing_moss_carpet":13,"chococraft:chocobo_feather":8,"chococraft:gysahl_green":6,"minecraft:apple":134,"minecraft:cobweb":328,"jeg:double_barrel_shotgun":1,"minecraft:iron_sword":10,"minecraft:polished_andesite_stairs":14,"minecraft:smooth_basalt":9,"minecraft:gravel":27,"apocalypsenow:long_knife":1,"minecraft:spruce_sapling":3,"minecraft:spruce_log":3,"minecraft:leather_helmet":4,"apocalypsenow:executioners_sword":1,"apocalypsenow:bear_trap":4,"apocalypsenow:mo4_gas_mask_helmet":2,"minecraft:diamond_axe":1,"minecraft:gray_wool":4,"minecraft:ender_pearl":1,"last_of_us:noxioussack":33,"apocalypsenow:us_army_helmet":1,"apocalypsenow:bloodybandages":1,"minecraft:yellow_wool":25,"firstaid:morphine":3,"minecraft:raw_copper":1524,"minecraft:smooth_stone_slab":6,"minecraft:iron_leggings":7,"jeg:revolver":5,"minecraft:oak_sign":5,"apocalypsenow:knife":1,"minecraft:smooth_stone":32,"minecraft:bucket":2,"cgm:short_scope":1,"minecraft:cobblestone_slab":9,"minecraft:calcite":133,"alexsmobs:raccoon_tail":2,"minecraft:furnace":23,"minecraft:iron_boots":5,"minecraft:stick":191,"jeg:pistol_ammo":60,"apocalypsenow:electrical_scrap":1,"minecraft:torch":26,"apocalypsenow:tank_trap":7,"minecraft:porkchop":8,"minecraft:pointed_dripstone":1,"minecraft:diorite":104,"minecraft:rotten_flesh":94,"minecraft:green_wool":274,"minecraft:cobblestone":901,"apocalypsenow:wire_fence":30,"minecraft:pink_petals":7,"minecraft:cherry_planks":31,"minecraft:andesite":88,"minecraft:black_bed":1,"biomesoplenty:glowshroom":10,"minecraft:tuff":5,"cgm:heavy_rifle":7,"minecraft:dirt":104,"minecraft:lapis_lazuli":293,"minecraft:leather_boots":4,"minecraft:acacia_planks":6,"minecraft:wheat_seeds":132,"minecraft:raw_gold":166,"minecraft:grindstone":1,"minecraft:oak_planks":802,"biomesoplenty:toadstool":4,"apocalypsenow:brokenoldradio":2,"minecraft:cooked_porkchop":1,"minecraft:sand":3,"minecraft:lily_of_the_valley":11,"minecraft:mossy_cobblestone":1,"last_of_us:noxioustree":82,"apocalypsenow:bricktoys":1,"cgm:shell":120,"minecraft:light_gray_concrete":11,"apocalypsenow:expedition_knife":1,"minecraft:diamond":70,"jeg:custom_smg":1,"minecraft:grass":1,"minecraft:bone_meal":135,"minecraft:golden_apple":21,"apocalypsenow:dead_cockroach":1,"apocalypsenow:usa_armor_helmet":5,"minecraft:oak_sapling":186,"minecraft:oak_leaves":11,"minecraft:azure_bluet":1,"minecraft:chicken":2,"apocalypsenow:corpsesack":6,"minecraft:wooden_pickaxe":1,"apocalypsenow:worldcompass":1,"minecraft:gold_block":1,"apocalypsenow:radio":1,"jeg:scrap_workbench":3,"minecraft:shield":10,"alexsmobs:shed_snake_skin":4,"minecraft:moss_carpet":2,"minecraft:iron_axe":11,"biomesoplenty:willow_planks":348,"biomesoplenty:black_sand":6,"minecraft:oak_boat":2,"apocalypsenow:fire_axe":2,"minecraft:raw_iron":295,"minecraft:copper_ingot":134,"minecraft:dark_oak_planks":199,"apocalypsenow:whisky":1,"biomesoplenty:cattail":2,"biomesoplenty:willow_sapling":32,"cgm:assault_rifle":18,"apocalypsenow:civilian_body_vest_chestplate":1,"minecraft:brick_stairs":128,"apocalypsenow:magazine":1,"apocalypsenow:barbed_wire":4,"minecraft:glow_ink_sac":8,"minecraft:salmon":1,"minecraft:leather":18,"minecraft:chainmail_chestplate":3,"minecraft:gunpowder":438,"minecraft:cobblestone_stairs":12,"jeg:grenade":87,"minecraft:iron_ingot":388,"minecraft:acacia_sapling":2,"jeg:tech_trash":50,"sophisticatedbackpacks:diamond_backpack":2,"minecraft:book":58,"minecraft:oak_slab":4473,"apocalypsenow:military_storage":1,"minecraft:dandelion":3,"cgm:specialised_grip":2,"minecraft:amethyst_shard":28,"chococraft:gysahl_green_seeds":4,"minecraft:blast_furnace":12,"majruszsdifficulty:bandage":54,"biomesoplenty:glowing_moss_block":34,"minecraft:spider_eye":12,"minecraft:brick_slab":2,"alexsmobs:raw_catfish":124,"apocalypsenow:papertrash":7,"cgm:tactical_stock":1,"minecraft:chainmail_leggings":3,"minecraft:iron_helmet":5,"apocalypsenow:italian_bersaglieri_army_chestplate":4,"minecraft:cherry_sapling":49,"apocalypsenow:canned_soup":1,"minecraft:coal":353,"cgm:workbench":8},"minecraft:dropped":{"apocalypsenow:dead_cockroach":1,"minecraft:iron_sword":1,"minecraft:lapis_lazuli":6,"minecraft:cooked_beef":97,"minecraft:glow_ink_sac":8,"biomesoplenty:willow_sapling":32,"minecraft:crafting_table":2,"minecraft:cooked_porkchop":2,"last_of_us:noxioustree":63,"jeg:grenade":32,"minecraft:leather_helmet":3,"sophisticatedbackpacks:gold_backpack":1,"jeg:scrap_workbench":1,"minecraft:dirt":24,"minecraft:red_bed":1,"minecraft:grass":1,"firstaid:bandage":8,"minecraft:wooden_sword":1,"minecraft:gold_nugget":8,"minecraft:bone_meal":270,"minecraft:dark_oak_planks":69,"minecraft:fermented_spider_eye":2,"alexsmobs:raccoon_tail":2,"minecraft:white_wool":5,"cgm:shell":73,"minecraft:green_wool":41,"minecraft:oak_door":2,"biomesoplenty:toadstool":4,"alexsmobs:centipede_leg":2,"last_of_us:noxioussack":25,"minecraft:cobbled_deepslate":100,"apocalypsenow:barbecuestick":1,"minecraft:birch_sapling":35,"apocalypsenow:granola_bar":1,"minecraft:rotten_flesh":85,"minecraft:oak_planks":6,"minecraft:glowstone_dust":1,"apocalypsenow:bloodybandages":1,"cgm:workbench":1,"minecraft:salmon":1,"cgm:assault_rifle":11,"biomesoplenty:glowing_moss_carpet":13,"apocalypsenow:magazine":1,"jeg:revolver":1,"cgm:basic_bullet":871,"minecraft:brick_stairs":116,"minecraft:leather_boots":2,"minecraft:acacia_sapling":2,"apocalypsenow:worldcompass":1,"majruszsdifficulty:golden_bandage":87,"minecraft:leather_leggings":2,"apocalypsenow:fire_axe":1,"cgm:heavy_rifle":2,"minecraft:glass":47,"apocalypsenow:can_opener":1,"minecraft:enchanted_book":2,"minecraft:black_dye":27,"minecraft:wheat_seeds":131,"minecraft:iron_helmet":1,"minecraft:feather":2,"minecraft:cobblestone":83,"apocalypsenow:long_knife":1,"minecraft:book":28,"minecraft:apple":67,"chococraft:gysahl_green_seeds":4,"minecraft:granite":24,"apocalypsenow:civilian_body_vest_chestplate":1,"minecraft:coal":5,"minecraft:golden_apple":11,"alexsmobs:raw_catfish":17,"minecraft:cobweb":158,"last_of_us:rock":10,"minecraft:gray_wool":1,"minecraft:wooden_axe":1,"minecraft:cherry_planks":44,"minecraft:diamond_helmet":4,"biomesoplenty:glowshroom":10,"minecraft:smooth_stone":32,"minecraft:chainmail_leggings":1,"minecraft:string":20,"minecraft:acacia_planks":3,"minecraft:spruce_sapling":3,"minecraft:furnace":3,"minecraft:bricks":103,"minecraft:moss_carpet":2,"cgm:advanced_bullet":528,"alexsmobs:acacia_blossom":2,"minecraft:stone_sword":1,"minecraft:green_bed":2,"apocalypsenow:mo4_gas_mask_helmet":2,"minecraft:light_gray_concrete":2,"apocalypsenow:red_football_armor_helmet":1,"minecraft:oak_sign":5,"minecraft:shears":1,"minecraft:lily_of_the_valley":7,"minecraft:diamond_sword":1,"apocalypsenow:us_army_helmet":1,"minecraft:peony":3,"minecraft:diamond_pickaxe":1,"minecraft:spider_eye":12,"minecraft:barrel":10,"apocalypsenow:vitamins":1,"minecraft:brick_slab":2,"alexsmobs:shed_snake_skin":3,"minecraft:diamond_axe":1,"minecraft:oak_log":492,"jeg:circuit_board":1,"minecraft:leather":4,"apocalypsenow:bricktoys":1,"minecraft:flint":9,"minecraft:cobblestone_stairs":12,"apocalypsenow:papertrash":7,"minecraft:mutton":3,"alexsmobs:cooked_catfish":111,"apocalypsenow:radio":1,"minecraft:birch_log":86,"apocalypsenow:glassbottle":2,"jeg:tech_trash":7,"minecraft:gravel":18,"cgm:shotgun":3,"minecraft:yellow_wool":4,"apocalypsenow:canned_soup":1,"minecraft:cherry_sapling":49,"jeg:double_barrel_shotgun":1,"sophisticatedbackpacks:diamond_backpack":2,"apocalypsenow:black_concrete_bricks":107,"minecraft:chainmail_chestplate":1,"minecraft:poppy":4,"minecraft:chainmail_boots":2,"last_of_us:rags":13,"minecraft:oak_leaves":5,"apocalypsenow:electrical_scrap":1,"apocalypsenow:human_flesh":42,"minecraft:water_bucket":5,"minecraft:oak_slab":4800,"minecraft:golden_helmet":1,"minecraft:mossy_cobblestone":1,"minecraft:diamond_leggings":3,"minecraft:lead":2,"minecraft:amethyst_block":18,"biomesoplenty:cattail":2,"apocalypsenow:knife":1,"minecraft:stick":153,"jeg:custom_smg":1,"minecraft:diorite":39,"minecraft:torch":16,"apocalypsenow:milk":1,"minecraft:polished_andesite_stairs":14,"jeg:waterpipe_shotgun":1,"minecraft:pink_petals":7,"apocalypsenow:expedition_knife":1,"minecraft:dandelion":2,"minecraft:smooth_basalt":9,"alexsmobs:maggot":1,"chococraft:chocobo_feather":5,"minecraft:tuff":2,"apocalypsenow:premium_hammer":1,"minecraft:smoker":1,"apocalypsenow:sawi":1,"alexsmobs:lobster_tail":1,"minecraft:diamond_chestplate":3,"apocalypsenow:suturekit":2,"minecraft:iron_chestplate":4,"minecraft:andesite":34,"minecraft:oak_boat":1,"minecraft:oak_sapling":122,"minecraft:diamond_boots":1,"minecraft:stone_pickaxe":1,"minecraft:wooden_pickaxe":2,"minecraft:calcite":130,"chococraft:gysahl_green":4},"minecraft:mined":{"minecraft:dark_oak_planks":1,"biomesoplenty:mossy_black_sand":1,"minecraft:cherry_log":109,"minecraft:granite":49,"minecraft:acacia_log":101,"apocalypsenow:bear_trap":2,"minecraft:oak_wall_sign":1,"minecraft:tall_seagrass":4,"minecraft:cobbled_deepslate":2,"minecraft:fire":36,"minecraft:barrel":11,"minecraft:moss_carpet":1,"minecraft:deepslate_lapis_ore":6,"biomesoplenty:glowshroom_block":21,"minecraft:small_amethyst_bud":2,"biomesoplenty:webbing":11,"minecraft:light_gray_concrete":13,"minecraft:red_bed":3,"biomesoplenty:glowworm_silk":4,"minecraft:smoker":1,"minecraft:amethyst_cluster":6,"apocalypsenow:papertrash":2,"minecraft:torch":3,"biomesoplenty:black_sandstone":3,"minecraft:blast_furnace":12,"minecraft:polished_andesite_stairs":14,"minecraft:glass":3,"minecraft:bricks":105,"minecraft:amethyst_block":19,"minecraft:black_bed":1,"minecraft:grass":907,"minecraft:oak_fence_gate":1,"minecraft:smooth_basalt":9,"apocalypsenow:black_concrete_bricks":110,"minecraft:deepslate":112,"minecraft:dark_oak_log":2,"biomesoplenty:willow_planks":16,"minecraft:redstone_ore":7,"minecraft:green_terracotta":3,"minecraft:andesite":88,"minecraft:cobblestone_slab":9,"minecraft:bone_block":15,"minecraft:white_wool":16,"minecraft:green_wool":203,"minecraft:oak_slab":172,"minecraft:gray_concrete":5,"jeg:scrap_ore":46,"minecraft:cherry_planks":30,"minecraft:lily_of_the_valley":12,"biomesoplenty:black_sand":4,"minecraft:dandelion":2,"minecraft:cornflower":1,"apocalypsenow:barbed_wire":1,"minecraft:tall_grass":35,"minecraft:copper_ore":222,"minecraft:deepslate_gold_ore":45,"biomesoplenty:willow_log":108,"minecraft:diorite":105,"jeg:deepslate_scrap_ore":25,"jeg:scrap_workbench":2,"minecraft:spruce_log":2,"minecraft:birch_leaves":1,"apocalypsenow:tank_trap":7,"minecraft:mangrove_leaves":2,"minecraft:gravel":26,"biomesoplenty:stringy_cobweb":2,"minecraft:cobweb":1042,"minecraft:acacia_planks":5,"minecraft:gold_ore":15,"minecraft:fern":2,"biomesoplenty:spanish_moss":2,"minecraft:large_amethyst_bud":5,"apocalypsenow:wire_fence":32,"biomesoplenty:glowshroom":2,"minecraft:cobblestone_stairs":12,"minecraft:budding_amethyst":4,"minecraft:grass_block":45,"minecraft:white_concrete":1,"minecraft:iron_ore":88,"minecraft:anvil":1,"chococraft:gysahl_green":4,"minecraft:pointed_dripstone":1,"minecraft:green_bed":5,"minecraft:deepslate_redstone_ore":4,"biomesoplenty:glowing_moss_carpet":3,"minecraft:medium_amethyst_bud":2,"apocalypsenow:corpsesack":6,"minecraft:calcite":132,"minecraft:poppy":2,"minecraft:mushroom_stem":4,"minecraft:cobblestone":164,"minecraft:grindstone":1,"minecraft:oak_planks":146,"minecraft:wall_torch":4,"minecraft:deepslate_copper_ore":10,"minecraft:pink_petals":2,"minecraft:seagrass":1,"minecraft:yellow_wool":15,"minecraft:birch_log":382,"minecraft:smooth_stone_slab":6,"apocalypsenow:beartrapneutral":2,"minecraft:oak_log":1556,"minecraft:sand":2,"minecraft:dirt":43,"apocalypsenow:military_storage":1,"minecraft:oak_leaves":54,"apocalypsenow:paperstrashvariant_2":1,"biomesoplenty:glowing_moss_block":34,"minecraft:diamond_ore":1,"apocalypsenow:beartrapactivated":2,"minecraft:deepslate_diamond_ore":34,"biomesoplenty:bush":1,"minecraft:brick_stairs":135,"apocalypsenow:ice":12,"minecraft:spruce_leaves":9,"cgm:workbench":4,"minecraft:furnace":14,"biomesoplenty:toadstool":3,"minecraft:deepslate_iron_ore":46,"biomesoplenty:spider_egg":1,"minecraft:stone":633,"minecraft:acacia_leaves":4,"minecraft:spruce_door":1,"minecraft:oak_fence":14,"minecraft:crafting_table":3,"minecraft:lapis_ore":8,"minecraft:red_concrete":1,"minecraft:brick_slab":2,"minecraft:coal_ore":173,"apocalypsenow:paperstrash":1,"apocalypsenow:papersvariant_2":1},"minecraft:broken":{"minecraft:wooden_sword":1,"minecraft:iron_sword":5,"last_of_us:rock":2,"minecraft:stone_sword":2,"minecraft:wooden_axe":2},"minecraft:custom":{"minecraft:interact_with_crafting_table":129,"minecraft:open_barrel":67,"minecraft:leave_game":5,"minecraft:time_since_death":123396,"minecraft:damage_blocked_by_shield":1303,"minecraft:play_time":1215945,"minecraft:deaths":46,"minecraft:jump":11837,"minecraft:enchant_item":53,"minecraft:interact_with_furnace":167,"minecraft:sleep_in_bed":28,"minecraft:damage_dealt":23843,"minecraft:interact_with_smoker":3,"minecraft:interact_with_anvil":12,"minecraft:sneak_time":91080,"minecraft:interact_with_blast_furnace":128,"minecraft:total_world_time":1215945,"minecraft:time_since_rest":21671,"minecraft:swim_one_cm":92048,"minecraft:fly_one_cm":1579473,"minecraft:open_chest":117,"minecraft:fall_one_cm":244464,"minecraft:damage_resisted":1182,"minecraft:sprint_one_cm":1088759,"minecraft:drop":662,"minecraft:talked_to_villager":2,"minecraft:walk_on_water_one_cm":227360,"minecraft:player_kills":3,"minecraft:crouch_one_cm":184009,"minecraft:mob_kills":914,"minecraft:damage_dealt_resisted":319,"minecraft:climb_one_cm":4658,"minecraft:walk_one_cm":2915079,"minecraft:walk_under_water_one_cm":84495,"minecraft:boat_one_cm":131723,"minecraft:interact_with_grindstone":35,"minecraft:damage_taken":13909},"minecraft:crafted":{"minecraft:black_dye":31,"minecraft:smooth_stone":18,"minecraft:glass":47,"minecraft:repeater":1,"minecraft:diamond_helmet":1,"minecraft:diamond_leggings":1,"alexsmobs:cooked_catfish":64,"cgm:heavy_rifle":1,"minecraft:cooked_porkchop":8,"minecraft:diamond_axe":1,"majruszsdifficulty:bandage":176,"minecraft:copper_ingot":1470,"cgm:assault_rifle":1,"minecraft:iron_pickaxe":1,"minecraft:gold_ingot":511,"minecraft:iron_nugget":36,"minecraft:bone_meal":135,"jeg:scrap_workbench":1,"minecraft:stone_pickaxe":2,"minecraft:diamond_boots":1,"minecraft:dark_oak_planks":8,"minecraft:coal_block":25,"sophisticatedbackpacks:gold_backpack":3,"minecraft:wooden_axe":3,"minecraft:iron_leggings":1,"minecraft:oak_planks":4024,"minecraft:cobblestone_slab":6,"minecraft:cooked_chicken":2,"minecraft:stone":31,"minecraft:iron_boots":2,"minecraft:chest":5,"minecraft:oak_slab":7554,"sophisticatedbackpacks:backpack":5,"minecraft:crafting_table":12,"minecraft:spruce_planks":12,"minecraft:wooden_pickaxe":1,"minecraft:iron_helmet":1,"minecraft:iron_chestplate":1,"minecraft:diamond_pickaxe":2,"minecraft:shield":2,"sophisticatedbackpacks:diamond_backpack":3,"minecraft:stick":48,"minecraft:iron_ingot":794,"minecraft:stone_sword":4,"minecraft:redstone_torch":2,"minecraft:cherry_planks":428,"minecraft:wooden_sword":2,"minecraft:raw_iron":666,"minecraft:coal":27,"minecraft:furnace":7,"minecraft:blast_furnace":6,"minecraft:iron_axe":3,"cgm:workbench":1,"sophisticatedbackpacks:iron_backpack":3,"minecraft:cooked_beef":13,"minecraft:diamond_sword":1,"minecraft:iron_sword":9,"minecraft:bucket":1,"minecraft:stone_axe":1,"biomesoplenty:willow_planks":408,"minecraft:air":0,"jeg:scrap_block":1,"majruszsdifficulty:golden_bandage":121,"minecraft:white_wool":105,"minecraft:gold_nugget":1413,"minecraft:raw_gold":441,"firstaid:bandage":92,"minecraft:acacia_planks":72,"minecraft:torch":64,"minecraft:diamond_chestplate":1}},"DataVersion":3465}